fixture_id,goals_win,assists_win,shots_ontarget_win,shots_offtarget_win,shotsblocked_win,chances2score_win,drib_success_win,drib_unsuccess_win,keypasses_win,passes_acc_win,passes_inacc_win,crosses_acc_win,crosses_inacc_win,lballs_acc_win,lballs_inacc_win,grduels_w_win,grduels_l_win,aerials_w_win,aerials_l_win,poss_lost_win,fouls_win,wasfouled_win,clearances_win,stop_shots_win,interceptions_win,tackles_win,dribbled_past_win,tballs_acc_win,tballs_inacc_win,ycards_win,rcards_win,dangmistakes_win,countattack_win,offsides_win,goals_ag_otb_win,goals_ag_itb_win,saves_itb_win,saves_otb_win,saved_pen_win,missed_penalties_win,owngoals_win,p1,p2,goals_lost,assists_lost,shots_ontarget_lost,shots_offtarget_lost,shotsblocked_lost,chances2score_lost,drib_success_lost,drib_unsuccess_lost,keypasses_lost,passes_acc_lost,passes_inacc_lost,crosses_acc_lost,crosses_inacc_lost,lballs_acc_lost,lballs_inacc_lost,grduels_w_lost,grduels_l_lost,aerials_w_lost,aerials_l_lost,poss_lost_lost,fouls_lost,wasfouled_lost,clearances_lost,stop_shots_lost,interceptions_lost,tackles_lost,dribbled_past_lost,tballs_acc_lost,tballs_inacc_lost,ycards_lost,rcards_lost,dangmistakes_lost,countattack_lost,offsides_lost,goals_ag_otb_lost,goals_ag_itb_lost,saves_itb_lost,saves_otb_lost,saved_pen_lost,missed_penalties_lost,owngoals_lost
1710834,0,0,5,16,11,9,12,6,3,335,80,12,14,36,34,46,39,25,20,153,13,6,7,0,23,12,2,0,2,1,0,0,0,1,1,0,1,0,0,0,0,0,1,1,0,2,2,0,4,3,2,1,146,73,3,9,37,40,24,39,21,20,121,8,11,34,12,24,12,14,1,2,1,0,0,4,8,0,0,3,2,0,0,0
1710811,0,0,1,6,4,3,5,6,1,470,48,11,14,32,22,30,29,21,12,106,4,14,8,1,16,6,0,0,2,1,0,1,0,0,0,1,1,4,0,0,0,0,1,1,1,5,10,1,12,1,0,0,145,55,5,5,28,19,31,34,20,28,85,14,1,12,4,18,14,6,2,3,3,0,1,35,2,0,0,0,0,0,0,0
1711029,4,3,10,10,5,11,5,3,2,357,55,6,14,26,20,43,29,23,12,108,6,12,8,1,19,12,2,3,7,0,0,0,7,2,0,0,0,0,0,0,0,1,0,0,0,0,5,1,3,5,4,1,253,68,3,7,33,37,43,53,21,24,105,15,11,18,5,34,18,5,1,5,2,0,2,0,7,0,0,0,0,0,0,0
1711171,1,0,1,6,1,7,1,4,5,103,47,8,7,27,23,28,28,16,12,98,10,7,37,5,28,16,5,2,4,3,0,0,17,1,0,0,2,3,0,0,0,1,0,0,0,4,11,5,13,5,6,6,460,70,9,21,37,24,41,36,14,15,140,13,13,12,0,12,10,2,5,14,1,0,1,1,0,0,1,1,0,0,0,0
1711177,1,0,4,4,2,4,3,3,3,261,56,6,10,34,27,20,35,5,9,91,6,4,7,1,16,8,2,5,9,0,0,0,0,0,0,0,2,0,0,0,0,1,0,0,0,2,3,0,5,4,2,3,306,41,7,7,18,8,36,24,11,5,77,5,8,17,3,16,4,3,0,1,0,0,1,8,1,0,3,4,2,0,0,0
1711070,1,1,5,8,0,11,6,2,5,279,54,12,18,20,23,36,25,19,8,109,10,7,7,1,16,9,5,1,2,2,0,0,16,2,0,0,0,0,0,0,0,1,0,0,0,1,4,1,3,5,2,1,317,54,5,5,27,16,25,33,8,20,83,7,11,14,1,17,7,6,1,8,1,0,1,27,6,0,1,5,2,0,0,0
1711140,2,1,6,4,1,8,3,2,3,317,49,3,4,31,15,32,29,10,10,81,12,10,14,4,20,8,7,1,3,4,0,1,12,0,0,0,0,0,0,0,0,1,0,1,0,3,5,4,5,11,5,0,293,68,4,20,32,28,32,31,8,8,122,11,11,7,2,28,10,3,2,11,2,0,0,12,5,0,3,2,2,0,0,0
1711025,4,2,5,1,1,2,14,5,0,193,57,0,2,15,25,50,40,15,13,89,7,7,15,3,25,17,4,0,5,1,0,1,20,3,0,0,0,0,0,0,0,1,0,1,0,1,7,3,3,6,12,2,407,71,4,16,19,17,49,56,21,20,134,6,8,9,1,25,19,13,1,3,1,0,3,9,0,0,0,0,0,0,0,0
1710814,0,0,5,3,2,7,7,4,5,240,71,5,9,26,24,39,33,15,21,107,10,11,14,1,18,13,2,2,8,4,0,0,11,4,0,0,0,0,0,0,0,0,1,1,1,3,3,1,4,5,4,1,288,54,2,11,17,22,42,39,21,13,115,12,9,19,2,28,13,7,0,3,3,0,0,23,4,0,0,0,0,0,0,0
1710963,1,1,2,4,1,4,2,3,1,312,37,4,3,13,11,23,30,9,10,59,11,4,11,3,14,4,4,0,0,0,0,2,0,2,0,0,0,0,0,0,0,0,1,2,1,4,4,2,4,4,3,1,325,34,7,14,13,7,30,18,6,6,66,2,9,3,0,8,1,0,0,4,0,0,0,0,9,0,0,0,0,0,0,0
1710865,0,0,4,19,9,15,8,5,11,401,76,14,17,37,33,37,34,46,43,133,12,6,10,2,21,16,4,1,6,2,0,2,1,1,0,1,1,0,0,0,0,0,1,1,1,2,2,2,3,4,2,3,210,68,7,10,44,37,34,38,30,30,137,7,9,27,11,25,14,9,2,8,2,0,2,20,1,0,0,1,3,0,0,0
1711129,2,1,3,9,5,7,13,8,2,303,55,2,12,20,24,45,22,11,13,110,9,15,6,1,15,16,4,3,7,3,0,0,11,3,0,0,0,0,0,0,0,1,0,1,0,3,5,1,7,4,6,3,169,69,6,12,19,26,28,65,12,19,115,22,9,12,5,15,17,18,0,5,4,0,1,17,2,0,0,0,0,0,0,0
1711164,0,0,1,5,2,4,8,0,2,142,32,1,3,12,10,20,22,9,7,68,3,3,20,4,15,8,5,1,2,1,0,0,15,1,0,0,0,0,0,0,0,1,0,0,0,3,11,5,10,16,4,4,593,51,1,12,27,18,46,40,20,17,112,3,5,14,3,13,12,13,4,9,0,0,2,10,2,0,0,0,0,0,0,0
1711064,4,3,4,8,4,5,2,6,2,299,80,4,13,27,34,50,35,21,16,136,11,11,15,3,36,19,9,1,1,0,0,0,15,3,0,0,0,0,0,0,0,1,0,1,1,2,5,3,3,11,12,1,248,86,1,14,21,30,45,48,13,19,156,13,9,8,3,22,15,1,0,9,3,0,1,22,5,0,0,0,0,0,0,0
1710917,0,0,0,2,1,1,3,5,1,169,60,4,3,23,26,33,31,15,14,104,8,9,23,2,31,9,8,2,10,1,0,1,5,3,1,1,3,1,0,0,0,0,1,2,1,5,8,2,12,8,3,2,637,43,2,10,23,10,25,23,13,13,86,10,6,14,1,20,12,2,3,6,1,0,3,24,0,0,0,0,0,0,0,0
1711046,2,2,4,7,1,7,4,1,1,237,68,5,11,28,35,33,30,19,23,139,10,9,33,1,43,14,4,3,12,0,0,1,18,3,0,0,0,0,0,0,0,1,0,1,0,1,5,1,5,3,4,4,310,96,5,15,33,33,25,29,21,17,143,10,9,8,1,19,9,3,0,2,2,0,1,0,0,0,2,0,2,0,0,0
1711175,4,3,10,8,3,12,4,6,5,599,56,6,9,35,20,33,35,17,10,95,2,3,3,2,16,16,2,1,6,0,0,0,12,1,0,0,0,0,0,0,0,1,0,0,0,1,1,1,1,2,2,0,148,37,2,5,23,17,30,24,10,4,66,5,3,21,3,18,14,3,1,3,0,0,3,5,1,0,4,6,1,0,0,0
1710821,0,0,0,7,3,4,4,4,2,227,59,2,10,20,18,31,37,14,19,97,13,7,8,2,18,12,2,2,2,3,0,1,0,0,0,3,1,1,0,0,0,0,1,2,1,4,5,2,5,2,5,1,220,58,1,13,26,28,41,27,17,11,118,6,11,13,4,18,16,5,0,1,0,0,0,9,1,0,0,0,0,0,0,0
1710897,0,0,2,11,5,5,6,9,0,374,61,9,11,37,18,26,43,27,23,102,11,6,8,1,21,12,6,2,3,2,0,1,5,1,0,0,0,0,0,0,0,0,1,2,1,3,4,1,5,7,9,3,225,70,6,7,33,30,44,32,26,26,130,6,10,25,5,31,16,5,0,2,0,0,1,26,4,0,0,0,2,0,0,0
1710984,3,2,6,9,6,8,8,11,3,353,78,4,5,30,31,32,23,19,13,132,9,8,11,0,12,12,3,5,10,2,0,1,28,1,0,0,1,1,0,0,0,1,0,0,0,2,4,0,6,3,3,2,199,58,4,7,38,36,17,26,17,28,84,10,6,16,6,35,13,7,3,7,1,0,1,7,5,0,3,4,1,0,0,0
1710848,1,0,4,7,2,11,3,0,4,281,77,5,11,37,31,41,35,22,22,134,10,12,11,5,28,12,3,0,4,1,0,1,9,1,0,2,1,1,0,0,0,0,1,2,2,3,10,5,4,1,1,3,186,63,6,8,25,31,28,32,20,20,102,11,6,22,2,32,11,2,2,0,3,0,0,0,1,1,0,2,1,0,0,0
1710826,0,0,0,5,1,5,4,3,0,332,53,1,1,25,21,24,36,13,6,83,7,5,11,4,22,9,2,0,1,3,0,1,3,2,0,4,5,2,0,0,0,0,1,3,2,8,8,4,9,3,1,8,358,60,7,8,22,27,39,28,11,11,118,6,7,16,2,29,12,5,2,11,2,0,0,16,3,0,0,0,0,0,0,0
1710956,1,1,5,2,1,7,4,3,3,186,56,3,3,33,29,41,43,11,15,84,14,8,10,3,25,18,10,2,10,4,0,1,13,4,0,2,5,0,0,0,0,0,1,1,0,5,5,4,4,9,3,2,397,64,2,6,20,22,37,37,12,10,107,11,8,6,2,15,6,5,3,3,2,0,0,23,0,0,1,3,1,0,0,0
1710841,0,0,2,8,6,7,11,1,1,296,46,6,10,20,13,34,35,31,32,85,13,9,17,5,20,13,5,0,2,2,0,0,0,1,0,0,0,0,0,0,0,0,1,1,0,1,8,5,7,5,5,2,170,42,8,13,42,16,31,35,33,22,104,10,11,13,6,15,9,6,0,3,1,0,0,3,0,0,0,0,2,0,0,0
1711089,3,0,3,0,0,1,5,6,0,214,49,2,7,18,17,28,42,18,9,96,6,8,6,2,20,11,2,0,0,0,0,0,0,0,0,0,0,0,0,0,0,1,0,1,1,2,4,2,2,3,3,0,372,73,6,9,29,24,36,32,12,19,108,9,9,14,1,21,21,3,3,9,2,0,1,4,6,0,0,0,0,0,0,0
1711052,2,1,5,6,3,7,8,9,4,262,67,6,14,25,22,52,52,20,36,138,13,14,10,1,26,11,5,5,4,2,0,1,30,1,0,0,0,0,0,0,0,1,0,1,1,4,9,3,8,4,0,5,243,71,7,11,53,33,51,42,33,20,111,19,12,21,3,24,25,7,2,7,3,0,1,10,6,0,2,3,2,0,0,0
1710815,0,0,2,2,2,4,2,3,2,359,53,4,11,33,29,25,29,15,17,97,9,8,10,5,13,9,4,0,11,0,0,1,5,2,0,2,1,1,0,0,0,0,1,2,1,4,9,5,9,7,4,4,318,63,6,13,21,28,43,27,21,14,109,8,10,15,3,16,16,1,2,3,1,0,1,14,1,0,0,0,0,0,0,0
1710905,1,1,3,1,0,3,1,4,0,273,43,1,3,21,17,31,38,4,3,67,11,7,8,1,18,14,6,2,4,4,0,7,21,0,0,3,2,1,0,0,0,0,1,2,1,4,2,1,3,8,0,2,411,54,1,7,24,17,35,38,4,4,87,14,12,13,0,23,16,2,3,8,0,0,0,25,3,0,1,1,1,0,0,0
1710933,0,0,2,5,2,7,6,4,4,200,33,1,4,18,9,38,52,12,13,77,12,9,19,3,32,16,1,2,3,1,0,4,4,3,0,0,0,0,0,0,0,0,1,3,3,5,8,2,7,1,1,4,561,54,0,4,23,15,34,26,12,9,82,6,7,7,2,14,18,4,3,4,0,0,1,12,0,0,0,1,1,0,0,0
1711034,1,1,2,10,6,4,8,5,1,328,63,2,13,31,29,44,48,40,11,128,13,5,19,2,20,14,6,2,4,3,0,1,4,2,0,0,0,3,0,0,0,1,0,0,0,2,7,1,9,4,2,5,292,50,5,9,28,18,37,35,10,36,84,8,11,11,6,21,12,7,1,4,3,0,0,2,1,0,0,0,0,0,0,0
1710960,1,1,3,1,0,2,6,4,1,177,59,4,9,41,34,44,34,20,20,93,8,12,27,3,21,21,11,4,7,0,0,4,28,2,0,5,4,3,0,0,1,0,1,4,3,9,8,3,9,9,6,6,449,51,10,15,36,22,28,27,22,15,111,7,7,6,0,14,5,2,11,9,0,0,0,9,7,0,0,0,0,0,0,0
1711143,4,3,7,11,4,10,12,5,3,467,57,5,13,18,15,44,23,8,7,113,11,8,9,2,24,13,1,1,11,3,0,1,19,1,0,0,0,0,0,0,0,1,0,1,1,3,4,1,4,3,1,2,182,50,2,10,26,20,21,30,4,4,81,7,8,9,4,18,9,10,2,2,2,0,0,0,1,1,3,1,4,0,0,0
1710835,0,0,0,7,4,4,5,4,1,316,68,9,10,34,29,35,34,20,15,101,14,8,6,2,19,14,5,3,6,3,0,0,10,3,1,2,3,0,0,0,0,0,1,3,1,6,9,2,11,9,3,8,327,51,12,12,45,17,45,42,17,21,131,10,14,13,5,26,10,2,2,4,1,0,1,14,3,0,0,0,0,0,0,0
1710888,1,0,3,8,3,8,6,1,7,266,73,10,15,27,32,44,30,28,21,124,16,8,6,1,33,18,3,1,4,0,0,1,20,4,0,0,0,0,0,0,0,0,1,2,1,2,3,1,3,4,2,0,246,67,1,5,28,29,32,41,16,24,112,9,17,19,4,26,8,7,2,4,1,0,2,6,1,0,1,1,2,0,0,0
1710824,0,0,3,11,1,15,1,1,2,387,49,8,13,41,29,42,29,28,17,101,9,7,7,1,16,14,4,1,2,4,0,3,0,0,0,2,1,1,0,0,0,0,1,2,2,4,2,1,3,7,3,3,293,54,2,2,28,26,35,32,14,16,79,6,9,9,1,16,13,0,2,2,1,0,0,18,2,0,0,0,0,0,0,0
1710983,0,0,2,8,2,10,9,4,3,251,51,7,10,36,18,41,30,33,22,105,7,6,12,3,24,15,5,1,5,0,0,0,6,5,0,0,1,1,0,0,0,1,0,0,0,2,6,3,6,5,2,2,222,57,2,8,40,17,20,31,23,27,85,8,7,5,0,19,9,8,0,0,0,0,1,5,0,1,0,1,1,0,0,0
1710938,0,0,1,2,1,1,1,3,0,269,53,0,10,22,13,41,53,11,19,103,7,8,34,5,34,16,5,0,1,0,0,0,3,0,0,1,6,3,0,0,0,0,1,0,0,5,8,2,9,1,0,3,259,39,9,21,13,9,33,23,14,5,86,5,4,3,0,16,8,1,0,4,0,0,0,0,0,0,0,0,0,0,0,0
1711104,2,0,5,10,6,12,11,2,7,223,75,3,8,21,16,63,50,30,19,156,12,11,20,1,30,26,6,6,7,2,0,0,32,2,0,0,0,0,0,0,0,1,0,0,0,2,4,1,4,6,12,2,303,78,3,14,28,24,41,63,21,27,127,10,10,12,5,33,15,8,0,5,3,0,0,10,1,0,0,0,0,0,0,0
1711002,2,1,7,10,4,12,10,5,4,251,81,9,9,19,27,44,30,26,24,139,7,11,9,1,27,7,3,0,5,0,0,1,2,0,0,0,0,0,0,0,0,1,0,1,1,1,6,2,1,3,5,0,363,87,4,11,39,41,30,60,25,33,132,12,6,13,4,37,20,14,1,7,0,0,2,42,5,0,2,4,1,0,0,0
1711179,2,1,4,3,1,4,4,3,0,269,48,1,3,18,18,42,39,20,11,86,7,10,20,8,23,23,5,2,5,2,0,0,8,5,0,0,0,0,0,1,0,1,0,1,0,10,12,9,11,5,3,3,418,49,13,16,24,11,45,44,12,18,109,11,9,1,2,16,16,4,4,5,1,0,0,0,1,0,0,0,0,0,0,0
1710907,0,0,3,11,4,7,6,2,2,373,56,6,7,24,17,32,24,14,24,95,4,4,6,1,16,8,5,4,9,0,0,0,4,2,0,0,0,0,0,0,0,0,1,1,0,1,1,1,0,2,0,0,208,56,2,5,21,27,20,26,28,18,93,4,4,18,3,20,5,2,0,0,0,0,0,2,1,0,0,3,0,0,0,0
1710969,1,1,3,6,2,6,5,3,2,310,55,5,10,38,24,39,45,14,16,97,13,7,14,2,18,16,4,0,4,1,0,0,0,3,1,3,3,3,0,0,0,0,1,4,2,9,4,2,7,4,5,0,291,64,4,6,30,22,47,41,19,14,120,8,12,9,2,11,16,4,0,1,0,0,0,15,1,0,1,1,2,0,0,0
1710962,0,0,6,7,0,9,4,2,2,230,93,5,7,39,40,29,22,44,28,130,14,7,21,2,36,8,1,1,2,0,0,0,4,2,0,1,0,1,0,0,0,0,1,1,0,2,4,2,1,3,1,0,258,90,5,4,55,40,23,23,25,42,126,7,10,11,1,34,9,5,1,2,0,0,1,4,3,0,0,1,5,0,0,0
1710822,1,0,3,6,4,5,10,4,2,133,52,4,5,21,18,30,38,9,18,82,11,15,17,3,23,8,12,2,4,4,0,0,24,0,0,0,0,0,0,0,0,0,1,2,2,7,7,3,7,13,5,2,429,58,11,17,23,16,37,29,17,11,120,13,10,11,4,18,5,10,2,8,4,0,2,25,3,0,0,0,0,0,0,0
1711103,1,1,3,7,5,13,10,3,7,225,30,7,8,15,11,32,22,20,11,71,6,5,6,0,8,6,0,3,7,0,0,0,6,0,0,0,0,0,0,0,0,1,0,1,0,2,2,0,1,3,1,0,232,56,0,5,33,25,24,33,19,26,87,9,8,14,5,20,15,9,0,3,1,0,1,0,3,0,2,2,2,0,0,1
1710898,0,0,0,0,0,1,4,2,0,132,64,0,4,12,22,35,48,12,21,105,8,9,24,2,28,15,5,0,2,1,0,1,11,1,0,0,0,0,0,0,0,0,1,3,1,7,7,2,9,8,2,6,650,75,5,12,19,23,49,30,21,13,126,10,8,8,0,29,11,3,5,23,0,0,0,5,0,0,0,0,0,0,1,0
1711061,3,2,4,6,2,9,11,4,3,370,62,4,9,53,22,38,39,23,33,108,11,12,19,0,23,11,4,0,5,1,0,0,10,2,0,2,1,0,0,0,0,1,0,1,2,1,2,0,4,2,5,0,186,54,2,14,45,25,24,34,19,17,90,11,4,12,2,15,7,10,4,6,2,0,1,7,1,1,2,2,0,0,0,0
1710856,2,1,6,3,2,6,8,10,5,246,70,9,20,43,33,48,48,29,38,149,13,13,14,9,33,19,5,0,4,3,0,2,4,4,1,2,0,3,0,1,0,0,1,3,2,5,17,9,10,7,8,6,358,87,5,6,40,32,49,53,43,29,140,14,13,27,2,24,19,8,1,3,3,0,4,40,1,0,2,4,1,1,0,0
1711081,2,2,7,7,4,11,11,4,1,220,89,5,8,19,22,47,51,32,17,146,9,11,20,3,39,18,7,3,5,1,0,0,5,5,0,0,0,0,0,0,0,1,0,1,1,2,7,2,5,8,3,2,210,69,3,11,26,20,42,42,18,21,116,11,9,14,3,32,17,10,1,5,1,0,1,8,2,0,0,0,0,0,0,0
1710967,0,0,8,4,3,10,3,3,3,320,49,6,14,17,10,33,42,14,7,93,12,12,7,1,32,9,5,0,3,2,0,0,0,0,0,0,0,0,0,0,0,0,1,1,1,2,5,2,5,6,4,2,415,63,8,8,28,31,45,34,10,9,112,12,10,9,3,27,15,4,1,6,1,0,1,6,2,0,0,3,5,0,0,0
1711123,3,2,7,4,2,7,7,4,4,540,70,3,10,16,25,25,26,20,19,126,10,7,20,2,22,9,1,1,5,1,1,1,26,1,0,2,3,3,0,0,0,1,0,2,0,7,2,0,5,3,2,5,207,53,6,13,37,18,19,24,19,13,98,7,12,12,3,26,6,5,2,2,1,1,0,14,2,0,3,1,3,0,0,0
1711040,1,0,2,1,0,1,3,2,0,154,42,0,5,27,13,35,16,15,14,78,4,7,22,4,24,13,1,0,2,0,0,0,9,1,0,0,1,3,0,0,0,1,0,0,0,3,15,5,13,3,3,5,596,62,9,14,19,23,32,43,17,20,124,10,3,12,0,18,15,2,4,8,2,0,0,5,0,0,0,0,0,0,0,0
1710994,1,2,4,5,3,7,7,0,2,393,44,1,4,18,15,29,27,14,16,74,6,9,14,4,11,11,7,2,2,1,0,1,10,1,0,0,0,0,0,0,0,1,0,2,2,2,13,4,5,8,9,2,237,51,8,16,26,20,52,62,23,27,111,13,6,17,4,34,13,13,0,3,1,0,0,26,1,0,0,0,0,0,0,0
1710919,1,1,5,7,2,9,6,3,3,251,49,7,8,33,22,30,40,15,18,93,8,9,35,5,28,13,7,1,1,1,0,0,5,1,0,4,3,0,0,0,0,0,1,4,4,7,8,2,8,6,4,2,411,62,9,21,41,27,39,30,16,13,116,9,8,7,0,9,7,5,3,14,1,0,0,11,1,0,1,1,3,0,0,0
1710883,2,0,3,4,2,4,2,2,3,195,65,6,12,32,27,33,49,18,13,112,15,13,19,6,31,10,9,0,1,2,0,0,6,2,0,5,5,4,0,0,0,0,1,3,1,8,9,4,12,5,1,2,398,66,3,5,25,27,30,27,15,13,95,12,10,10,2,13,11,2,2,8,1,0,1,18,0,1,1,0,1,0,0,0
1710921,0,0,1,5,0,7,3,3,2,269,39,4,13,36,15,43,43,15,5,72,11,8,12,2,16,18,11,4,0,1,0,0,8,1,0,0,0,0,0,0,0,0,1,3,0,4,2,1,2,7,4,0,252,30,4,10,12,11,32,23,11,9,59,3,7,8,0,7,10,1,0,1,1,0,0,8,0,0,0,0,0,0,0,0
1711049,2,3,8,7,1,12,3,3,2,459,51,4,21,20,17,34,26,12,7,100,9,7,4,1,15,12,3,5,5,1,0,0,21,0,0,0,0,0,0,0,0,1,0,0,0,1,2,1,2,3,4,0,113,39,1,1,16,15,23,35,7,12,66,10,7,6,1,20,13,6,0,0,2,0,2,2,0,0,3,5,3,0,0,0
1711076,1,1,4,7,3,9,3,2,3,418,59,4,25,18,12,30,24,10,19,128,3,7,11,0,17,12,2,3,11,0,0,4,10,1,0,0,0,0,0,0,0,1,0,0,0,2,2,1,2,3,3,0,115,45,2,8,25,22,28,33,15,11,94,11,5,25,3,41,16,2,1,1,0,0,3,11,0,0,1,4,0,0,0,0
1711159,0,1,1,4,3,4,2,1,2,119,20,4,4,3,3,27,15,13,7,45,3,6,6,1,10,3,3,1,4,1,0,0,20,2,0,0,0,0,0,0,0,1,0,0,0,3,4,2,5,2,4,1,421,42,7,16,18,12,24,40,9,17,82,13,5,9,3,20,6,3,1,1,0,0,0,8,1,0,1,0,1,0,0,0
1711169,2,1,2,12,6,6,18,6,3,322,73,2,10,32,38,49,31,23,17,116,13,18,9,3,20,11,6,3,5,2,0,1,37,2,1,0,0,0,0,0,0,1,0,1,0,0,5,2,3,6,3,3,158,70,7,9,23,21,29,47,17,18,128,21,12,13,5,24,10,15,0,1,5,0,1,15,2,0,0,0,0,0,0,0
1711033,4,1,7,3,2,6,12,3,0,234,30,2,8,12,4,40,23,6,11,70,0,10,4,2,9,4,5,3,2,0,0,2,30,0,0,0,0,0,0,0,0,1,0,0,0,3,5,2,6,9,4,1,230,43,5,12,19,16,26,33,14,8,71,11,3,12,2,16,8,8,0,8,3,0,2,4,2,0,4,2,4,0,0,0
1710939,0,0,1,3,0,4,13,4,2,360,57,6,23,33,32,42,31,23,19,111,6,14,9,1,17,11,8,1,2,1,0,3,2,0,1,3,1,0,1,1,0,0,1,4,2,5,5,1,4,10,4,1,320,52,7,12,20,18,44,57,24,27,100,17,6,20,0,23,16,10,0,2,2,0,0,3,2,0,0,0,0,0,1,0
1711015,2,1,6,15,7,10,3,3,5,454,53,5,8,22,14,37,43,16,13,101,10,10,9,6,15,10,11,6,13,0,0,0,7,1,0,0,0,0,0,0,0,1,0,0,0,0,10,6,6,12,5,4,246,51,9,14,26,27,47,32,14,20,103,11,10,11,7,21,10,3,1,1,2,0,1,2,1,2,0,2,2,0,0,0
1711099,2,2,4,7,1,8,3,4,3,589,60,7,7,29,16,30,21,14,10,96,6,5,2,2,16,8,2,5,2,0,0,0,0,5,0,0,0,1,0,0,0,1,0,0,0,0,3,2,2,3,4,0,160,51,1,5,30,22,22,32,14,15,80,5,6,6,2,28,9,2,1,0,1,0,0,2,2,0,2,1,3,0,0,0
1710899,0,0,4,9,5,6,4,2,1,340,79,5,8,20,26,26,32,14,18,120,13,10,13,2,25,9,6,4,7,0,0,0,0,1,0,1,2,1,0,0,0,0,1,1,1,3,6,2,6,10,6,2,240,77,4,14,24,35,40,30,30,15,134,10,12,20,5,29,12,4,5,12,0,0,0,2,1,0,0,0,0,0,0,0
1710973,0,0,2,5,3,3,5,4,1,165,57,5,9,30,25,39,40,33,20,101,7,9,23,7,37,10,19,2,8,1,0,1,0,1,0,0,0,0,0,0,0,0,1,0,0,3,11,4,10,14,4,4,438,51,1,2,31,13,30,29,19,26,84,10,6,7,2,19,11,3,3,0,2,0,1,23,1,0,0,2,0,0,0,0
1710901,2,1,3,2,2,1,9,6,1,140,62,2,4,34,31,23,33,8,13,97,10,5,12,1,32,9,6,3,6,2,0,0,6,3,1,2,1,1,0,0,0,0,1,2,2,4,8,0,11,8,1,3,586,51,5,7,16,9,34,26,13,4,85,6,10,4,1,14,8,8,5,9,2,0,0,35,0,0,0,0,0,0,0,0
1711032,4,3,11,2,2,8,3,2,1,573,52,4,4,25,22,42,38,26,15,94,5,8,11,1,13,20,4,2,7,0,0,2,42,2,0,1,2,2,0,0,0,1,0,1,1,5,4,2,5,4,3,2,342,57,3,17,34,22,42,52,17,17,109,8,6,4,4,23,14,6,0,6,0,0,1,27,1,0,4,5,3,0,0,0
1711102,2,0,3,8,7,5,7,7,1,382,73,10,11,19,30,39,40,13,14,130,6,10,10,3,18,15,3,1,9,1,0,1,8,1,0,0,0,0,0,0,0,1,0,1,0,4,3,2,4,1,2,3,203,61,8,7,25,31,29,28,8,7,100,9,4,6,5,23,18,4,0,4,2,0,0,3,1,0,0,0,0,0,0,0
1710948,1,1,4,3,1,5,9,9,1,145,33,6,4,12,18,32,45,9,12,83,6,5,30,7,30,13,3,1,4,1,0,0,8,4,0,0,0,0,0,0,0,0,1,1,2,4,9,5,11,3,1,0,507,49,4,14,20,12,27,28,10,9,94,5,5,3,3,9,10,6,3,11,2,0,3,8,1,0,1,1,2,0,0,0
1710957,2,1,3,6,2,7,2,10,2,227,57,5,4,31,26,28,41,32,19,109,10,6,12,1,25,13,9,2,5,2,0,1,16,1,1,2,1,2,0,0,0,0,1,2,1,4,8,2,7,10,7,1,446,79,8,9,48,26,49,29,27,32,110,9,10,6,3,24,15,3,5,3,1,0,1,19,2,0,2,0,2,0,0,0
1711097,2,1,2,2,1,2,2,4,0,157,30,1,3,9,16,25,26,17,12,71,7,10,27,7,17,10,7,3,4,1,0,1,10,2,0,0,0,0,0,0,1,1,0,0,0,2,11,6,7,7,3,3,441,57,4,19,21,21,33,44,12,14,114,14,5,7,1,16,11,5,1,7,1,0,1,2,0,0,0,0,0,0,0,0
1710912,0,0,3,14,7,13,9,4,5,420,49,14,27,37,21,46,33,21,27,124,10,12,12,2,24,15,1,1,3,2,0,6,2,0,0,0,0,0,0,0,0,0,1,4,3,5,4,0,5,2,3,1,141,58,5,2,18,21,27,43,16,16,99,13,8,23,3,20,9,8,0,1,4,1,0,10,1,0,0,0,0,0,0,0
1710840,0,0,4,3,1,9,7,2,5,361,75,13,13,29,31,33,30,16,12,119,9,13,7,2,20,10,4,3,5,2,0,0,8,1,0,1,4,3,0,0,0,0,1,1,1,7,6,4,8,7,3,2,193,50,2,9,28,22,27,36,17,20,78,12,10,8,2,23,10,6,1,4,3,0,1,0,0,0,0,2,3,0,0,0
1710975,0,0,2,2,1,3,1,2,2,333,66,5,5,24,21,30,47,11,8,97,15,7,24,9,18,15,12,3,2,2,0,1,14,2,1,0,3,5,0,0,0,0,1,1,0,3,8,5,5,11,7,5,226,46,5,5,11,15,43,17,8,6,87,5,10,4,1,16,2,0,1,7,1,0,0,11,2,0,0,2,0,0,0,0
1710964,0,0,1,4,3,4,1,1,1,130,51,3,5,16,22,35,49,6,10,76,12,5,9,2,24,8,4,1,2,0,0,9,10,2,1,3,3,3,0,0,0,0,1,3,2,5,6,2,9,4,2,6,508,46,7,8,16,16,40,35,7,5,79,4,10,2,1,12,7,1,1,5,0,0,0,2,1,0,0,1,1,0,0,0
1711180,4,2,6,7,3,5,8,3,2,373,58,8,10,32,23,43,39,9,15,117,9,12,13,2,13,20,4,2,11,1,0,0,27,2,1,3,5,0,0,0,0,1,0,4,2,9,8,1,12,4,6,8,178,47,4,6,32,21,29,39,10,11,85,14,9,12,2,24,11,8,6,6,2,0,0,18,3,0,5,2,2,0,0,1
1710808,0,0,3,2,0,6,6,4,2,155,53,4,13,33,25,32,32,16,17,106,7,7,20,7,27,14,5,1,4,1,1,0,2,2,0,2,2,3,0,0,0,0,1,2,2,7,9,7,10,4,8,4,549,44,7,14,27,18,34,40,20,17,87,8,5,12,0,27,7,7,3,7,2,0,0,5,2,0,0,2,1,0,0,0
1710884,1,1,3,6,3,3,7,6,1,504,70,6,19,14,20,35,41,17,12,126,13,7,3,2,15,11,8,0,5,2,0,1,25,2,0,0,0,0,0,0,0,0,1,2,0,3,2,2,2,8,7,1,118,56,4,5,6,15,47,42,17,22,106,13,11,29,2,38,22,9,1,2,4,0,0,14,2,0,0,0,0,0,0,0
1710980,4,1,8,4,1,10,6,3,5,201,46,6,12,30,14,42,49,16,23,84,16,10,18,5,18,13,7,2,2,2,0,0,15,3,0,0,0,0,0,0,0,1,0,0,0,3,7,3,6,2,5,0,216,31,3,3,20,17,22,21,11,13,57,8,11,3,1,11,7,5,0,0,1,1,0,0,3,0,4,5,0,0,0,0
1711021,2,2,5,7,3,5,7,8,3,294,44,10,21,28,14,42,35,17,8,87,11,12,7,1,15,9,8,1,1,3,0,1,3,1,0,0,0,0,0,0,0,1,0,1,0,3,5,1,5,8,6,0,280,47,6,16,25,20,33,44,8,13,94,10,11,10,3,14,11,4,0,0,2,0,1,9,1,0,0,0,0,0,0,0
1711162,1,1,5,6,2,9,5,3,5,229,77,4,7,25,38,35,35,26,25,121,10,10,19,4,22,5,4,7,9,1,0,0,7,3,0,0,2,1,0,0,0,1,0,0,0,3,7,2,8,5,3,1,244,65,7,11,41,28,22,30,25,23,112,10,3,10,1,24,10,4,3,4,4,0,2,0,1,0,1,4,1,0,0,0
1710895,0,0,4,7,4,7,2,4,2,365,57,5,13,48,17,23,15,27,22,93,7,5,18,3,21,6,3,0,2,0,0,0,0,0,0,1,2,2,0,0,0,0,1,1,0,4,5,3,8,7,0,5,317,69,11,16,43,22,28,31,33,27,113,7,7,7,5,24,6,1,0,7,2,0,0,3,5,0,0,1,4,0,0,0
1711062,3,1,7,8,2,12,4,3,5,225,39,8,4,8,13,41,24,8,14,83,3,7,10,0,12,9,3,0,4,0,0,5,15,1,0,0,1,0,0,0,0,1,0,0,0,0,4,0,3,7,2,1,315,59,6,16,41,19,40,39,13,8,102,9,8,12,3,31,18,4,4,5,2,0,1,0,3,0,3,3,2,0,0,0
1711119,3,1,3,9,4,9,3,3,2,456,61,3,12,19,21,30,41,16,23,114,16,9,6,2,16,12,1,4,9,1,0,1,0,1,0,2,3,2,0,0,0,1,0,2,0,7,6,1,10,2,4,10,173,44,12,5,41,21,41,32,18,15,76,6,15,14,2,21,14,2,2,1,1,1,0,13,0,0,3,1,1,0,0,0
1711018,2,2,5,5,3,7,10,13,4,246,71,5,8,21,37,59,52,33,22,133,10,8,13,0,31,20,7,2,11,1,0,2,27,0,0,1,0,2,0,0,0,1,0,1,0,2,6,0,7,5,7,6,342,60,3,12,32,16,34,50,19,31,100,8,8,9,2,26,15,6,2,7,0,0,3,12,1,0,0,0,0,0,0,0
1710844,0,0,3,7,2,10,5,5,4,303,52,8,17,22,17,51,59,28,20,124,15,12,16,4,28,13,0,2,3,5,0,1,12,0,0,0,0,0,0,0,0,0,1,1,0,3,7,4,5,1,1,5,362,54,3,10,31,24,57,49,19,25,92,13,12,17,3,22,21,5,3,7,1,0,2,15,1,0,0,0,0,0,0,0
1710818,0,0,5,9,5,9,10,2,5,547,64,14,16,25,28,35,26,13,15,106,11,3,7,1,21,8,4,6,12,0,0,0,6,3,0,1,2,1,0,0,0,0,1,0,1,2,4,0,6,3,6,3,104,46,3,5,21,25,24,33,22,15,83,6,8,23,5,21,13,6,1,4,0,0,0,19,3,0,0,4,4,0,0,0
1710852,0,0,2,4,1,6,2,5,2,185,48,4,7,38,22,32,32,16,19,82,15,5,14,4,21,11,6,2,5,3,0,3,15,0,0,2,2,2,0,0,0,0,1,2,0,3,7,3,6,5,2,0,421,41,4,7,32,12,29,24,20,11,80,7,11,10,1,19,8,1,0,3,0,0,1,0,0,0,0,2,0,0,0,0
1710838,0,0,0,8,5,3,10,6,2,264,62,10,13,33,23,44,40,18,34,119,6,10,11,2,28,6,7,1,6,0,0,2,16,2,0,0,0,0,0,0,0,0,1,1,0,2,6,2,5,6,3,1,184,40,2,0,32,14,27,25,22,13,85,6,7,16,5,14,15,5,1,11,0,0,0,8,1,0,0,0,1,0,0,0
1710860,1,0,3,5,2,6,12,2,5,279,58,14,21,25,23,41,34,23,27,97,7,14,6,3,16,14,9,2,4,1,0,0,20,0,0,0,0,0,0,0,0,0,1,2,1,3,4,1,4,5,6,1,166,29,4,3,17,15,16,20,19,17,58,14,5,20,1,11,3,6,3,1,2,0,0,13,1,0,1,2,2,0,0,0
1710945,1,0,2,5,3,3,4,2,1,256,53,2,6,21,15,31,48,7,22,98,8,6,24,5,23,14,9,0,5,1,0,3,1,1,0,0,0,0,0,0,0,0,1,2,1,6,8,5,10,9,2,3,261,34,5,11,7,6,35,17,10,2,67,4,8,0,1,11,4,0,3,6,0,0,1,6,2,0,0,0,0,0,0,0
1710981,2,1,3,5,3,3,5,3,1,444,71,2,13,32,26,44,34,15,7,119,9,10,15,2,24,13,7,1,8,3,0,1,21,1,0,1,0,4,0,0,0,1,0,1,0,4,6,2,5,4,0,5,301,56,8,5,23,20,22,34,4,8,88,10,2,13,2,29,11,5,2,8,0,0,2,2,0,0,0,0,0,0,0,0
1711071,2,2,3,2,2,1,10,3,1,121,53,3,7,26,31,31,30,25,27,94,7,6,24,1,24,6,3,1,3,1,0,0,17,2,0,0,1,3,0,0,0,1,0,0,0,3,4,1,9,2,3,1,210,52,8,14,35,26,34,31,30,25,89,4,9,2,1,7,10,6,3,10,0,0,0,5,1,0,3,2,1,0,0,0
1710877,1,0,1,5,1,3,10,7,0,151,33,1,1,20,20,16,22,11,14,64,7,4,11,0,22,7,6,0,1,1,0,1,8,1,1,6,3,5,0,0,0,0,1,6,5,9,3,0,7,5,2,5,437,50,5,12,23,16,24,19,15,9,91,5,6,6,2,11,9,8,2,2,1,0,0,8,2,0,0,0,0,0,0,1
1710936,1,0,1,5,2,4,3,3,0,264,39,5,10,21,9,28,38,14,14,83,10,6,6,3,13,11,6,0,1,1,0,2,0,0,2,2,2,1,0,0,0,0,1,4,1,6,8,5,5,5,4,3,202,47,2,5,30,20,39,35,10,7,79,7,10,6,2,16,13,6,0,1,1,0,0,11,0,0,2,0,2,0,0,0
1711006,2,0,6,10,5,13,8,1,2,404,68,6,19,32,19,36,33,24,14,143,8,2,22,4,24,6,14,9,17,3,0,0,8,2,0,0,0,0,0,0,0,1,0,1,1,1,5,3,3,12,5,0,235,74,1,12,22,25,36,29,17,18,116,4,8,22,5,32,9,7,3,4,2,0,0,1,3,0,0,0,0,0,0,0
1711100,4,4,6,8,5,8,10,5,4,359,69,5,14,30,28,44,36,32,16,134,7,6,17,1,29,15,11,7,4,3,0,0,11,2,0,0,0,0,0,0,0,1,0,0,1,1,4,0,3,4,5,0,222,54,4,4,25,23,17,28,11,20,76,5,3,9,5,20,10,7,0,4,1,0,0,6,1,0,0,0,0,0,0,0
1710909,0,0,1,6,2,5,14,4,4,278,42,7,15,26,11,36,26,20,17,81,11,10,12,1,12,4,3,3,1,1,0,1,1,1,0,1,1,1,0,0,0,0,1,1,1,2,2,1,2,2,0,1,202,46,2,2,29,17,18,19,19,20,62,8,8,18,3,11,8,9,1,0,1,0,1,14,2,0,0,1,0,0,0,0
1710859,0,0,2,9,3,9,3,2,1,281,52,9,19,18,23,48,46,12,20,101,5,13,6,0,19,18,7,3,2,2,0,2,0,0,0,0,0,0,0,0,0,0,1,1,0,1,0,0,0,5,3,1,187,28,1,3,9,12,16,28,6,9,59,5,2,11,1,14,2,1,0,1,1,0,0,12,0,0,0,1,1,0,0,0
1711105,3,1,6,9,3,12,6,3,4,222,50,4,15,33,18,50,42,12,15,100,8,10,18,4,29,13,10,2,9,2,0,0,7,6,0,1,5,1,0,0,0,1,0,1,0,6,7,4,7,8,4,6,371,67,8,8,27,20,41,56,16,13,125,14,6,16,3,18,15,6,2,8,2,1,2,37,1,0,3,4,3,0,0,0
1711022,2,2,5,8,3,9,7,6,2,210,73,7,10,33,30,35,61,24,26,147,8,9,18,3,32,12,6,1,5,2,0,0,3,0,0,1,2,0,0,0,0,1,0,0,1,2,8,3,7,8,5,3,371,86,5,4,39,29,54,29,21,21,130,9,5,18,2,29,21,5,4,13,2,0,2,12,3,0,2,1,2,0,0,0
1710911,1,0,1,4,0,3,2,3,4,236,42,3,4,27,19,35,43,12,8,75,10,11,4,1,24,9,6,2,6,3,0,0,0,5,0,0,0,0,0,0,0,0,1,4,0,7,5,1,8,6,1,2,335,70,3,4,22,25,54,44,15,14,117,12,6,10,0,19,30,3,1,7,0,0,1,20,1,0,0,0,0,0,0,0
1711017,1,0,3,5,1,7,6,4,6,506,38,6,10,27,16,19,23,4,2,61,7,8,3,1,13,5,3,5,11,1,0,0,9,0,0,1,3,0,0,0,0,1,0,1,0,4,1,0,4,5,5,1,124,41,0,3,14,23,27,26,4,6,75,9,6,12,2,23,12,6,1,3,1,0,0,0,2,0,3,3,1,0,0,1
1710836,1,0,1,7,3,4,4,7,2,238,60,7,15,20,22,43,46,11,7,107,11,8,9,6,34,16,8,0,2,1,0,0,15,1,0,0,0,0,0,0,0,0,1,0,0,2,6,2,6,4,4,2,162,26,5,9,22,7,21,12,3,8,59,4,5,8,2,13,5,2,0,1,0,0,1,8,2,0,1,1,1,0,0,0
1711173,2,1,5,6,2,6,8,5,4,401,45,6,8,11,12,51,36,9,6,101,11,11,7,0,22,18,5,0,5,2,0,1,20,0,0,0,0,0,0,0,0,1,0,0,0,1,3,0,4,5,8,2,261,48,7,7,24,19,38,45,6,8,87,11,10,7,2,18,14,8,0,5,3,0,0,6,1,0,0,0,0,0,0,0
1711042,3,0,5,5,3,4,3,1,2,629,72,7,10,18,21,33,33,9,12,107,6,5,2,1,14,9,3,2,5,0,0,0,3,2,0,0,1,0,0,0,0,1,0,0,0,1,2,1,2,2,2,0,193,50,2,5,13,15,23,26,20,15,87,7,7,19,4,37,9,1,1,3,0,0,1,0,3,0,0,0,0,0,0,0
1711083,2,1,8,8,5,9,3,3,3,275,79,6,7,49,37,24,36,27,24,120,8,11,4,0,25,11,10,5,7,1,0,0,3,3,0,1,3,0,0,0,0,1,0,1,1,4,6,0,9,11,11,4,238,83,11,8,40,26,50,35,36,33,145,11,9,22,8,37,15,4,1,2,1,1,1,29,1,0,2,4,4,0,0,0
1711108,2,1,8,7,2,13,7,4,5,334,69,9,11,25,29,45,37,11,21,114,11,13,10,3,21,16,1,4,10,1,0,0,35,3,0,0,0,0,0,0,0,1,0,0,1,3,6,3,5,1,7,2,237,56,5,12,41,25,37,43,23,9,124,13,11,19,3,20,14,5,1,3,2,1,0,20,0,0,2,3,4,0,0,0
1710802,4,4,9,14,8,11,8,0,6,345,64,5,11,28,15,46,23,10,12,118,8,9,15,0,15,16,3,4,3,0,0,3,5,4,0,3,0,1,0,0,0,1,0,3,3,4,3,0,4,5,4,2,173,55,8,12,37,27,32,57,26,18,106,12,9,21,9,31,11,8,2,9,1,0,4,29,2,0,4,3,3,0,0,0
1710805,0,0,3,8,2,11,18,11,4,246,56,3,15,28,15,59,29,22,18,117,7,19,4,0,21,12,3,2,4,1,0,1,7,0,0,0,0,0,0,0,1,0,1,2,2,5,2,0,5,3,11,1,172,62,2,7,18,15,29,63,15,16,101,18,7,21,2,28,14,13,4,2,3,0,1,31,2,0,0,0,0,0,0,0
1710910,0,0,3,8,3,7,8,3,3,197,60,3,9,21,29,36,37,20,13,103,7,6,10,3,19,14,2,1,2,2,0,2,3,4,0,0,0,0,0,0,0,0,1,1,0,2,8,3,5,2,4,3,418,47,8,28,30,20,41,38,14,13,121,5,6,15,3,19,13,8,4,6,0,0,3,3,3,0,0,3,0,0,0,0
1710866,0,0,1,5,3,2,6,2,0,219,54,2,16,19,25,34,37,17,9,91,7,3,14,3,27,10,6,2,0,1,0,0,4,4,0,0,0,0,0,0,0,0,1,4,1,6,7,3,6,13,3,4,432,84,5,13,32,30,53,40,19,23,142,4,4,14,2,28,7,7,5,4,1,0,2,19,2,0,0,0,0,0,0,0
1710943,1,1,10,12,7,13,1,2,6,346,45,5,11,13,16,36,21,11,22,84,4,4,2,3,6,15,7,0,5,1,0,1,0,3,0,0,0,0,0,0,0,0,1,2,3,4,3,2,3,8,4,1,131,32,1,3,23,15,31,38,27,6,76,10,10,38,4,30,10,1,3,4,2,1,0,13,0,0,1,8,7,0,0,0
1711172,2,2,5,9,5,9,3,11,7,285,67,3,12,28,24,31,38,24,18,115,8,12,19,1,26,10,2,0,4,0,0,2,0,1,0,1,2,1,0,0,0,1,0,1,1,4,5,3,7,4,4,2,341,84,8,18,41,40,37,32,16,21,146,13,12,11,7,22,10,6,0,7,0,0,2,21,2,0,2,3,0,0,0,0
1711020,2,1,4,7,2,7,5,7,7,404,57,5,13,20,15,34,37,10,10,107,7,12,8,2,17,14,2,5,6,1,0,0,4,2,0,0,0,0,0,0,0,1,0,0,0,1,6,2,4,3,6,3,210,59,4,7,23,27,34,33,14,13,104,12,8,8,1,29,12,4,1,4,2,0,0,2,4,0,2,1,2,0,0,0
1711067,2,2,4,7,2,6,4,5,2,369,65,5,5,26,21,36,48,19,20,131,7,5,14,0,34,16,6,5,5,2,0,0,14,0,0,0,3,1,0,0,0,1,0,0,0,3,2,0,4,7,1,5,328,58,6,11,25,18,37,22,17,17,93,4,8,9,2,22,15,3,1,4,1,0,0,0,4,0,0,0,0,0,0,0
1710927,0,0,2,9,5,8,5,3,7,344,68,9,16,36,40,43,37,18,25,139,8,9,12,1,23,7,0,4,12,1,0,1,1,4,0,3,2,0,0,0,1,0,1,2,2,5,7,1,8,0,0,1,205,64,6,6,30,21,28,30,23,19,99,9,6,20,5,16,11,3,5,4,1,0,1,10,1,0,0,0,0,0,0,0
1710920,0,0,5,2,0,7,5,6,5,327,59,7,10,38,35,35,32,24,23,83,10,12,8,3,21,15,5,2,2,4,0,1,6,2,0,2,2,2,0,0,0,0,1,2,2,4,8,2,6,4,4,0,388,48,4,9,44,24,29,39,20,24,93,12,8,9,0,19,9,5,1,4,1,0,0,6,0,0,0,4,2,0,0,0
1711118,0,1,2,10,4,8,6,7,3,402,64,5,11,30,28,35,36,18,18,127,9,6,11,1,28,14,2,1,6,1,0,0,9,1,0,0,0,0,0,0,0,1,0,0,0,0,4,2,4,4,8,2,227,61,3,8,23,20,45,40,19,22,109,11,9,19,5,33,22,7,1,8,4,0,1,15,1,0,0,0,0,0,0,0
1711136,1,0,2,5,3,2,4,1,3,177,47,3,7,16,15,30,27,6,6,86,7,6,19,3,27,10,6,0,1,0,0,0,14,0,0,0,0,0,0,0,0,1,0,0,0,4,8,3,12,4,2,3,455,44,5,14,18,11,33,24,11,7,90,6,6,5,2,4,12,5,1,7,1,0,0,3,1,0,0,0,0,0,0,0
1710940,1,1,2,5,2,4,8,7,3,140,61,3,4,23,29,26,36,9,14,104,10,9,28,7,29,13,2,1,7,1,0,1,2,0,1,1,3,7,0,0,0,0,1,2,1,10,7,4,12,2,3,3,501,56,4,15,22,10,31,27,11,9,105,9,7,4,2,22,6,6,5,5,1,0,2,8,0,0,1,1,0,0,0,0
1710853,0,0,4,6,3,11,4,3,1,329,46,3,14,15,24,32,20,19,30,98,8,5,15,1,14,12,2,0,3,1,0,0,5,0,0,0,0,0,0,0,0,0,1,1,1,3,2,1,3,2,8,2,259,51,5,16,21,23,19,20,34,16,92,5,8,21,4,22,7,2,0,4,2,0,1,30,1,0,0,0,0,0,0,0
1711016,3,2,5,6,1,5,10,8,3,358,67,4,15,26,25,56,49,27,25,117,7,9,12,3,20,16,5,4,4,1,0,1,19,4,0,0,0,0,0,0,0,1,0,0,0,0,5,2,2,5,1,0,325,55,1,10,24,15,41,50,20,27,115,9,7,16,0,22,17,3,1,0,1,0,0,0,1,0,0,0,0,0,0,0
1710889,1,1,3,13,6,9,10,4,4,334,45,7,22,25,22,40,42,16,13,115,5,9,7,3,16,6,3,0,3,0,0,0,0,0,0,2,3,3,0,0,0,0,1,1,1,7,4,2,8,5,4,5,273,69,5,9,30,25,44,35,16,18,107,9,6,17,7,22,18,8,4,10,1,0,0,19,3,0,0,0,0,0,0,0
1710832,0,0,2,2,0,5,7,6,2,269,67,7,11,23,28,35,34,17,15,114,10,13,18,2,35,5,3,0,2,1,0,3,1,0,1,2,3,3,0,0,0,0,1,3,2,7,5,2,9,4,0,3,380,83,4,4,28,40,27,29,20,20,115,12,8,12,0,21,16,4,1,11,0,0,4,10,1,0,0,1,1,0,0,0
1710972,0,0,2,4,2,4,6,5,2,346,61,4,8,21,20,26,29,5,6,91,4,8,8,1,13,5,2,1,8,0,0,0,2,2,0,0,0,0,0,0,0,0,1,4,2,7,12,2,13,2,3,3,563,73,7,9,24,30,36,42,11,10,129,10,4,12,2,33,13,5,3,10,1,0,0,13,4,0,0,0,2,0,0,0
1711146,1,0,1,6,2,4,6,5,1,362,76,8,12,36,26,38,47,26,24,152,10,10,12,3,32,9,8,1,7,2,0,0,0,4,0,0,0,0,0,0,0,1,0,0,0,0,2,1,2,6,0,3,204,74,6,11,35,32,31,29,25,22,112,8,5,17,2,29,9,3,5,9,1,0,2,16,1,0,0,0,0,0,0,0
1711000,0,0,0,6,2,6,6,4,1,176,51,4,10,29,18,40,32,14,29,90,8,11,13,2,26,13,9,0,3,3,0,0,9,4,0,1,3,1,0,0,0,1,0,1,1,5,3,2,5,12,8,3,254,84,8,14,47,39,36,43,33,18,149,13,5,11,3,26,17,11,2,9,3,0,1,8,6,0,2,0,0,0,0,1
1710816,0,0,1,2,0,3,5,3,3,188,63,2,10,51,33,38,41,16,20,109,14,12,25,5,38,15,8,1,0,3,0,0,11,4,0,1,4,8,0,0,0,0,1,0,0,9,8,4,12,6,2,5,542,71,5,16,39,31,42,30,19,11,120,11,12,5,0,17,13,6,0,14,1,0,0,17,2,0,0,0,0,0,0,0
1711176,1,1,1,6,2,2,3,2,1,364,68,1,6,39,29,53,28,10,11,111,6,11,18,1,22,26,8,8,7,4,0,2,30,5,0,1,6,4,0,0,0,1,0,0,0,2,2,1,2,6,1,2,213,29,4,10,16,11,24,47,6,9,74,8,5,11,0,20,6,3,2,3,0,0,0,13,2,0,0,0,0,0,0,0
1710837,0,0,2,2,1,4,7,1,2,272,76,1,5,26,31,29,30,8,12,106,7,7,15,0,32,11,5,2,8,2,0,1,13,2,1,4,4,2,0,0,0,0,1,2,4,6,2,0,6,4,3,2,567,53,5,14,21,20,25,28,10,5,90,7,7,9,0,28,10,4,4,16,1,0,0,6,4,0,0,1,2,0,0,0
1711157,1,1,2,6,1,5,4,7,3,209,57,4,4,50,27,27,31,12,17,81,12,2,12,4,24,11,7,2,1,2,0,0,16,1,0,0,1,1,0,0,0,1,0,0,0,2,9,1,8,6,4,5,363,74,11,16,20,32,28,28,28,11,135,5,10,9,1,29,9,4,1,11,0,0,2,12,0,0,0,0,0,0,0,0
1710807,0,0,1,6,2,4,3,4,1,273,43,3,13,31,17,39,40,11,21,82,7,15,14,8,18,15,8,1,3,2,0,1,0,3,0,0,0,0,0,0,0,0,1,4,4,5,15,7,6,12,4,3,351,50,5,10,24,21,40,38,28,14,105,16,6,7,1,21,9,3,8,5,1,0,1,16,1,0,0,0,0,0,0,0
1710977,3,3,6,6,4,8,11,3,3,267,57,7,6,17,21,69,72,21,19,121,13,10,24,1,31,23,10,2,5,2,0,3,41,0,0,0,0,0,0,0,0,1,0,0,0,2,8,2,9,9,10,3,353,70,7,18,44,21,62,62,19,20,125,12,13,11,5,21,22,10,3,7,3,0,1,16,0,0,3,3,0,0,0,0
1710847,0,0,2,2,0,4,7,3,3,393,63,3,8,39,19,44,47,11,15,99,13,15,23,2,23,24,7,0,5,1,0,5,8,4,1,3,1,1,0,0,0,0,1,3,3,4,7,3,7,9,2,4,378,48,3,17,22,23,52,45,15,10,118,13,13,10,1,23,16,4,2,9,1,0,0,34,2,0,0,2,1,0,0,0
1711014,1,1,3,13,6,6,7,0,5,373,66,7,12,32,26,39,34,21,21,119,11,3,10,1,13,16,1,4,2,0,0,2,0,0,0,0,0,0,0,0,0,1,0,0,1,3,6,1,7,3,5,2,245,65,6,9,34,41,33,29,26,20,95,4,9,18,6,24,12,6,1,5,0,0,1,2,1,1,1,1,2,0,0,0
1711066,1,1,3,5,3,2,5,1,0,196,70,5,8,30,34,21,48,15,16,142,10,9,31,5,34,10,8,1,5,0,0,0,11,2,0,0,6,1,0,0,0,1,0,0,0,6,3,1,9,9,7,5,394,65,4,8,38,21,50,19,22,15,97,11,10,7,2,14,15,6,6,7,1,0,1,17,2,0,0,0,0,0,0,0
1711003,4,1,7,6,1,8,9,2,6,292,25,6,8,12,12,30,21,8,3,58,4,6,2,0,14,6,5,4,6,1,0,0,0,2,0,0,0,0,0,0,0,1,0,0,0,1,0,0,1,6,5,1,292,44,0,5,20,22,37,34,4,12,71,10,4,15,0,17,13,6,1,6,1,0,0,1,2,2,3,3,5,0,0,0
1710890,1,1,7,5,4,6,4,8,2,520,66,12,13,31,16,36,47,7,9,115,8,2,8,3,16,13,9,2,7,1,0,0,4,1,0,0,0,0,0,0,0,0,1,4,2,6,6,2,7,10,11,4,218,48,1,8,20,18,46,34,9,7,111,2,8,19,4,27,18,4,8,9,0,0,3,26,1,0,0,0,0,0,0,0
1710999,5,5,6,9,2,8,8,5,3,329,59,5,6,28,21,36,36,8,9,120,4,11,16,3,22,10,4,7,8,0,0,0,37,1,0,2,4,2,0,0,0,1,0,2,0,6,9,3,10,5,2,6,215,67,3,14,24,31,40,39,11,13,107,13,4,11,2,27,13,7,4,14,1,0,0,22,1,0,0,0,0,0,0,0
1710987,2,3,2,8,3,2,3,1,1,624,42,2,15,23,16,19,16,15,9,90,7,4,7,2,9,11,6,3,6,0,0,2,8,1,0,0,0,0,0,0,0,1,0,0,0,0,3,2,1,7,8,1,164,40,2,5,25,9,25,37,12,11,82,5,6,19,3,26,14,7,4,3,1,0,1,0,1,0,4,0,1,0,0,0
1711153,5,3,8,5,2,8,9,12,2,348,44,5,4,14,11,39,43,8,11,89,13,9,18,2,31,11,6,6,1,1,0,0,45,1,0,0,0,0,0,0,0,1,0,0,0,1,5,3,3,5,2,1,296,55,7,16,25,23,33,40,11,9,104,10,11,10,3,17,20,9,2,5,1,1,0,5,0,0,5,3,1,0,0,0
1711084,3,0,7,4,3,6,2,3,3,381,48,5,11,21,13,35,38,13,19,90,5,9,8,0,13,9,5,3,2,3,0,3,20,2,1,1,2,1,0,0,0,1,0,2,2,3,4,0,5,5,1,2,172,46,4,16,31,25,38,37,20,9,91,9,9,28,4,29,20,5,0,2,1,0,0,0,0,1,2,3,2,0,0,0
1710902,0,0,2,7,4,5,4,4,2,251,50,6,7,22,17,43,63,20,16,83,16,13,6,4,18,11,7,0,1,3,0,0,4,0,0,0,0,0,0,0,0,0,1,0,0,4,4,2,5,7,3,1,161,26,3,7,26,8,34,14,13,7,53,6,9,5,1,8,4,1,1,1,0,0,1,2,0,0,0,1,1,0,0,0
1711090,2,2,7,7,4,9,17,12,3,486,79,6,6,24,14,37,31,11,11,129,4,7,6,0,26,7,3,5,17,1,0,0,46,4,0,0,0,0,0,0,0,1,0,0,0,3,0,0,3,6,6,0,160,69,3,11,15,26,39,49,17,12,113,8,5,15,4,41,23,16,2,2,1,0,1,25,2,0,0,0,0,0,0,0
1710893,1,1,2,3,0,4,1,2,1,145,40,2,3,17,26,22,19,13,14,59,7,9,11,3,22,5,2,2,5,0,0,1,2,1,0,2,4,0,0,0,0,0,1,2,1,4,7,2,9,1,0,3,524,38,3,9,30,13,13,19,15,10,69,9,6,8,0,10,11,1,6,11,0,0,1,1,1,0,1,1,0,0,0,0
1710863,0,0,1,4,0,5,5,3,0,171,36,2,6,21,11,19,20,16,21,60,6,4,14,5,23,7,3,1,1,1,0,6,4,2,0,2,7,1,0,0,0,0,1,2,0,7,8,4,11,1,1,2,524,50,1,5,13,13,16,25,26,9,84,6,4,8,1,18,5,6,0,4,0,0,0,25,2,0,0,0,1,0,0,0
1711037,0,1,5,6,1,10,6,2,2,558,48,3,20,23,17,31,19,14,13,93,3,7,5,0,13,9,3,4,10,0,0,0,15,3,0,0,0,0,0,0,0,1,0,1,1,2,3,1,3,3,4,1,132,52,5,8,28,22,28,42,22,21,108,7,5,41,3,33,14,8,1,3,1,0,0,19,1,0,3,4,2,0,0,0
1710858,0,0,4,9,4,9,7,2,1,427,64,5,13,35,18,35,23,9,13,106,10,9,8,2,16,7,6,2,2,1,0,0,0,3,0,1,2,1,0,0,0,0,1,1,0,4,3,2,5,8,5,2,250,51,2,5,24,13,30,29,19,6,76,9,11,17,4,29,4,4,0,4,3,0,0,29,2,0,0,0,0,0,0,0
1710978,3,1,6,3,0,7,7,3,3,258,48,3,5,27,20,38,28,3,3,90,11,15,4,0,31,13,4,2,4,1,0,0,10,2,1,0,0,1,0,1,0,1,0,1,0,2,4,1,4,7,5,0,285,63,3,5,28,24,44,44,5,3,108,15,11,11,2,25,17,9,2,9,3,0,2,9,2,0,4,5,2,0,0,0
1710833,1,1,3,9,1,6,8,5,2,280,44,4,14,27,17,25,19,15,12,77,3,10,7,2,19,8,1,1,5,0,0,0,5,1,0,0,0,0,0,0,0,0,1,1,2,4,4,2,5,1,1,0,280,52,4,5,27,21,24,35,18,24,99,5,3,17,1,13,12,6,1,0,2,0,1,8,1,0,1,1,1,0,0,0
1711082,2,0,4,3,0,4,5,4,1,132,32,2,3,28,9,14,21,17,13,50,12,6,16,2,22,8,5,2,3,3,0,0,21,1,0,1,3,3,0,0,0,1,0,1,1,6,4,2,7,10,10,3,445,61,3,11,22,21,32,34,25,22,108,10,11,4,2,13,9,6,3,10,3,0,3,41,0,0,2,1,5,0,0,0
1711074,3,1,2,4,0,4,1,1,3,182,40,4,1,24,19,20,15,11,8,57,10,4,10,4,14,10,3,1,1,1,0,0,20,3,0,1,2,0,0,0,1,1,0,0,0,0,8,5,6,3,6,0,229,53,3,10,25,28,28,31,11,15,102,5,11,6,3,10,11,5,1,1,0,0,1,0,0,0,4,0,1,0,0,0
1710915,0,0,1,9,2,3,18,6,1,298,66,5,18,14,21,45,36,23,24,124,11,10,12,6,10,9,3,1,5,1,0,0,0,1,0,0,0,0,0,0,0,0,1,2,2,6,7,5,10,4,4,5,202,51,8,13,44,27,30,43,27,24,86,11,9,17,2,30,14,15,0,1,1,0,1,9,3,0,0,1,0,0,0,0
1710857,0,0,0,6,3,3,11,1,1,200,54,1,8,15,29,27,40,13,10,94,7,7,14,8,27,12,4,1,5,1,0,3,29,1,0,5,4,0,0,0,0,0,1,3,2,5,8,5,4,1,1,1,497,41,10,14,21,11,29,19,10,7,83,3,3,2,1,15,8,9,5,4,2,0,0,28,0,0,0,0,0,0,0,0
1711135,2,1,5,8,2,12,3,1,3,498,57,5,17,32,24,38,29,7,13,114,9,6,17,3,27,17,3,14,12,1,0,0,22,3,0,0,0,0,0,0,0,1,0,0,0,1,6,3,4,4,5,2,256,48,4,8,21,13,31,41,13,9,90,8,8,15,3,15,7,5,5,3,0,0,4,7,4,0,0,0,0,0,0,0
1710867,0,0,1,6,1,4,6,3,3,302,52,6,13,39,14,43,39,14,19,99,9,6,11,4,26,11,11,2,2,0,0,0,0,1,0,4,3,0,0,0,0,0,1,4,4,7,7,2,6,9,6,8,327,46,9,11,22,14,41,43,18,19,91,6,7,9,0,14,10,5,4,6,0,0,1,13,2,0,0,0,0,0,0,0
1710935,1,1,4,11,3,11,5,4,7,356,65,7,19,23,22,41,36,19,17,129,9,5,7,0,21,12,7,5,15,2,0,4,16,0,0,0,0,0,0,0,0,0,1,2,2,4,4,0,5,7,6,3,239,66,2,10,32,30,33,43,16,18,123,8,8,43,3,33,17,4,3,10,1,0,0,4,2,0,1,2,1,0,0,0
1711086,1,2,2,10,7,7,7,0,7,625,71,7,7,48,32,33,37,23,18,107,5,9,12,3,24,15,13,8,13,0,0,0,11,4,0,0,1,1,0,0,0,1,0,0,0,0,5,3,2,11,8,2,180,65,5,3,22,30,32,31,19,20,107,8,6,15,7,27,7,6,2,9,0,0,0,7,1,0,0,0,0,0,0,0
1710861,1,1,3,6,1,5,4,7,1,238,65,10,17,52,38,40,36,17,16,110,8,14,11,0,20,11,6,2,9,3,0,0,2,5,0,3,2,1,0,0,0,0,1,3,1,5,7,1,6,8,5,1,273,72,3,12,30,31,41,56,19,15,133,21,10,11,1,26,16,7,5,17,3,0,0,25,5,0,2,0,2,0,0,0
1711019,0,1,5,6,3,9,6,6,1,156,52,4,12,36,29,26,34,12,22,92,7,8,14,1,25,7,6,4,4,1,0,0,24,0,0,0,2,2,0,0,0,1,0,0,0,3,7,3,7,8,5,2,352,78,11,17,41,32,44,33,34,28,135,10,10,16,3,22,14,7,1,2,3,0,0,5,2,0,1,2,4,0,0,0
1711053,5,4,7,7,4,5,3,1,2,358,49,3,4,20,16,34,25,22,16,87,6,8,16,6,12,14,4,2,3,2,0,1,4,1,0,1,0,1,0,0,0,1,0,1,1,2,9,5,5,10,7,1,234,37,9,15,22,14,35,36,23,23,90,8,8,17,3,24,9,3,1,4,0,0,0,5,3,0,0,0,0,0,0,0
1710806,0,0,1,9,4,5,10,3,0,206,55,6,17,27,28,44,35,38,25,113,10,13,17,2,35,12,2,3,3,1,0,1,0,6,0,1,1,2,0,0,0,0,1,1,1,3,3,1,5,2,4,3,396,63,8,9,38,28,31,39,26,33,113,12,9,16,4,16,16,7,3,7,1,0,0,34,1,0,0,0,2,0,0,0
1710949,1,1,2,5,3,2,7,3,1,348,61,6,21,25,24,39,46,17,31,120,11,10,12,1,17,9,7,0,5,1,0,5,3,0,0,0,0,0,0,0,0,0,1,2,2,2,7,1,3,6,10,1,297,58,4,11,51,14,38,43,34,15,102,13,9,19,3,21,12,5,2,0,2,0,1,0,3,0,1,1,2,0,0,0
1710880,0,0,1,3,1,4,3,5,2,147,33,2,3,22,12,21,32,13,21,65,7,7,14,9,15,7,5,1,2,3,0,1,8,1,0,1,5,1,0,0,0,0,1,1,0,6,13,9,11,6,3,7,500,52,7,17,20,25,32,24,18,10,108,8,6,8,0,18,12,2,4,9,1,0,0,16,3,0,0,2,0,0,0,0
1710996,5,2,9,11,4,12,10,2,7,476,55,11,12,27,15,44,22,5,3,106,5,7,3,1,23,11,6,4,6,0,0,0,6,3,0,0,0,0,0,0,0,1,0,0,0,4,2,1,5,8,5,4,335,42,4,5,25,8,26,47,5,6,84,6,3,13,3,23,10,8,1,2,1,0,3,0,0,0,0,0,0,0,0,0
1711154,2,0,4,2,1,3,3,6,1,300,85,2,6,40,32,43,39,18,24,123,8,9,22,6,35,17,1,1,3,0,0,0,32,3,0,0,0,0,0,0,0,1,0,0,0,1,8,6,4,1,3,2,346,79,3,15,29,27,32,30,28,17,148,10,8,15,1,34,14,3,0,4,1,0,0,0,1,0,0,0,0,0,0,0
1711116,2,3,4,15,6,10,1,2,3,744,47,8,11,23,12,26,22,14,14,101,8,8,11,0,18,6,2,5,10,0,0,3,10,3,1,0,0,2,0,0,0,1,0,1,1,2,3,0,5,2,2,4,135,43,4,10,30,24,22,26,11,11,82,9,7,18,5,25,10,1,2,0,0,0,0,7,2,0,3,1,1,0,0,0
1711161,2,2,7,8,3,9,6,8,3,547,50,4,5,14,11,28,27,7,5,79,6,2,6,0,15,10,4,4,7,0,0,0,0,1,1,0,0,0,0,0,0,1,0,1,0,0,1,0,0,3,1,2,172,44,5,4,16,13,31,36,5,8,73,4,10,12,3,17,12,3,2,9,0,0,2,3,3,0,0,0,0,0,0,1
1710871,0,0,1,4,2,2,9,7,0,358,52,5,16,21,24,50,54,22,20,111,12,13,5,0,18,13,6,0,5,2,0,0,6,0,0,1,2,1,0,0,0,0,1,1,1,3,3,1,4,4,2,4,217,43,7,13,37,18,32,34,11,14,78,9,11,3,2,14,12,5,1,2,2,0,1,3,2,0,0,0,0,0,0,0
1711051,1,0,6,16,8,7,7,4,6,330,55,2,10,39,16,43,51,11,12,115,8,11,5,1,26,11,7,6,6,1,0,1,8,1,0,0,3,0,0,0,0,1,0,0,0,3,3,1,4,4,4,2,273,58,2,10,25,27,32,31,11,9,88,11,5,9,8,17,13,5,2,11,2,0,1,6,6,0,2,4,1,0,0,1
1710913,0,0,4,8,3,8,7,2,1,341,71,3,17,22,23,39,33,21,16,128,14,9,16,5,22,6,2,1,7,1,0,2,2,1,0,2,2,1,0,0,0,0,1,1,1,1,5,3,3,0,2,0,207,56,3,3,43,25,23,40,14,18,95,8,5,28,3,33,17,6,1,6,3,0,0,6,2,0,0,3,1,0,0,0
1710850,0,0,1,4,1,5,2,3,1,164,34,0,2,23,14,26,29,9,17,56,5,4,8,5,13,9,5,0,2,0,0,0,0,2,0,6,2,2,0,0,0,0,1,2,3,4,10,3,12,5,3,3,449,33,7,13,25,8,41,33,19,10,81,5,7,8,1,22,14,7,3,2,0,0,2,31,0,0,0,0,0,0,0,0
1711109,1,0,8,4,1,8,2,5,2,206,52,3,3,27,25,16,31,32,27,89,13,5,27,2,12,7,2,2,2,1,0,0,9,0,0,0,0,3,0,0,0,1,0,0,0,3,5,1,6,1,4,1,196,46,4,14,22,17,31,18,31,36,98,4,13,12,0,15,7,1,1,2,0,0,0,0,2,0,0,0,0,0,0,0
1710812,0,0,2,5,4,4,6,3,0,244,55,4,10,25,20,35,35,12,15,105,6,13,9,2,14,9,6,0,2,1,0,2,9,1,0,0,0,0,0,0,0,0,1,2,0,5,11,3,9,6,3,5,149,38,6,11,22,22,42,33,19,13,70,9,5,2,3,9,14,4,4,4,3,0,0,52,7,0,0,3,0,0,0,0
1711065,1,3,4,3,0,5,8,3,2,453,52,6,19,19,13,28,24,11,9,91,7,8,3,0,14,8,7,3,6,1,0,0,4,1,0,0,0,0,0,0,0,1,0,1,0,2,0,0,1,10,7,1,163,65,5,5,27,27,32,46,17,11,99,12,6,24,2,31,18,14,2,9,3,0,1,0,2,1,4,2,5,0,0,0
1710959,0,0,2,3,1,5,7,3,0,256,54,7,10,30,25,38,58,17,9,105,17,7,22,4,23,10,13,0,5,5,0,0,6,1,0,1,1,1,0,0,0,0,1,1,0,3,12,4,9,13,3,1,332,56,6,19,41,18,49,41,23,22,105,8,12,16,3,17,16,5,0,3,2,0,0,14,1,0,0,0,2,0,0,0
1710928,1,0,2,3,0,2,3,4,0,234,51,1,4,22,15,32,43,25,28,80,13,6,12,3,30,10,8,0,0,0,0,0,8,0,0,0,0,0,0,0,0,0,1,4,4,5,8,2,7,8,0,2,415,51,7,17,27,22,37,24,27,22,102,5,9,7,0,9,9,2,5,12,0,0,2,26,0,0,0,0,0,0,0,0
1710918,0,0,0,3,1,4,2,6,0,229,83,2,7,28,38,37,41,14,11,112,9,11,13,5,19,13,9,0,2,1,0,0,0,2,1,2,2,2,0,0,0,0,1,3,1,7,10,5,10,9,5,1,423,68,1,13,26,23,35,39,11,13,124,12,8,14,1,20,13,2,4,12,1,0,1,9,2,0,0,0,0,0,0,0
1711142,2,2,5,7,7,4,13,2,0,458,56,5,16,16,17,52,36,23,17,114,8,8,13,2,21,20,8,4,10,1,0,0,31,3,0,0,0,0,0,0,0,1,0,0,0,2,5,2,7,7,3,2,283,42,4,12,37,10,31,42,15,17,91,9,8,7,6,13,5,9,4,3,3,0,2,15,1,0,2,1,3,0,0,0
1711156,2,1,2,9,5,4,11,6,2,323,30,8,10,20,8,27,40,2,4,74,12,5,2,0,12,6,3,4,4,0,0,1,10,1,0,0,0,0,0,0,0,1,0,1,1,4,4,1,6,5,7,2,291,44,2,3,19,11,35,33,6,2,86,6,12,12,3,13,16,5,0,2,1,0,0,22,1,0,2,0,1,0,0,0
1710924,0,0,0,4,2,2,4,1,0,69,39,3,5,8,19,26,22,12,9,71,10,8,22,1,27,15,6,1,0,2,1,0,2,3,0,0,0,0,0,0,0,0,1,1,0,2,5,1,4,5,2,6,465,50,3,9,15,15,25,28,11,13,88,9,8,5,1,9,8,5,6,5,2,0,0,1,1,0,0,0,0,0,0,0
1710813,0,0,0,15,4,7,5,5,5,353,57,9,13,45,24,28,30,33,26,114,11,10,5,1,15,11,5,1,1,1,0,1,0,1,0,0,0,0,0,0,0,0,1,1,1,1,5,2,3,5,4,1,109,55,3,5,26,32,19,25,25,27,98,11,11,19,5,17,6,6,0,3,0,1,0,0,3,0,0,1,0,0,0,0
1710819,0,0,2,5,0,7,1,5,2,291,49,5,14,22,13,36,54,20,10,100,12,10,15,3,22,15,6,0,4,1,0,5,17,1,0,0,0,0,0,0,0,0,1,4,3,8,8,3,9,8,7,2,436,49,4,10,15,11,43,42,15,22,112,11,11,19,0,21,14,1,3,14,1,0,0,33,0,0,0,0,0,0,0,0
1710887,0,0,2,3,0,4,2,3,1,168,60,4,3,24,29,21,35,14,11,91,5,6,23,1,28,6,6,1,2,1,0,1,6,0,0,1,2,3,0,0,0,0,1,1,0,6,12,3,16,7,4,5,453,71,6,16,22,20,53,19,20,20,121,10,7,8,1,19,20,4,1,5,0,0,0,16,2,0,0,0,2,0,0,0
1711127,1,1,2,2,1,3,4,2,2,118,55,2,7,19,24,19,34,16,26,82,13,6,22,2,13,14,3,1,6,3,0,0,23,3,0,0,0,0,0,0,0,1,0,1,1,1,5,2,3,2,6,6,400,60,9,27,49,20,44,27,29,22,130,8,11,6,2,29,14,4,3,5,1,0,0,13,3,1,1,2,0,0,0,0
1710993,1,0,5,6,4,7,4,1,0,198,22,1,12,9,3,29,13,7,10,56,4,5,2,0,12,1,3,0,0,0,0,0,5,1,0,0,0,0,0,0,0,1,0,0,0,0,2,0,2,5,1,1,233,36,8,4,30,11,22,38,17,14,67,7,7,17,5,20,13,4,1,2,1,0,1,0,1,0,2,4,3,0,0,0
1710823,0,0,1,5,1,4,5,0,3,311,56,2,12,18,21,21,42,13,12,95,8,10,21,7,22,8,5,0,2,2,0,3,6,0,0,0,0,0,0,0,0,0,1,0,0,4,8,4,8,4,2,1,191,17,2,8,11,10,33,15,8,4,53,6,4,6,0,13,2,2,0,4,1,0,0,6,0,0,0,0,0,0,0,0
1711059,1,1,4,6,2,7,5,4,3,436,42,5,6,14,12,29,19,11,10,78,2,10,8,1,6,6,2,1,11,1,0,0,10,3,0,0,0,0,0,0,0,1,0,0,0,0,2,1,0,5,3,0,188,60,4,8,17,16,25,67,16,14,98,19,5,12,6,33,19,10,0,2,4,0,0,0,0,0,0,0,0,0,0,0
1710904,0,0,3,5,4,3,4,2,3,284,57,7,7,29,28,29,33,11,19,98,13,5,14,0,18,4,2,1,2,3,0,0,4,3,1,0,0,2,0,0,0,0,1,1,0,3,3,1,4,2,4,0,278,45,1,12,16,16,37,31,14,12,76,9,12,19,3,23,13,4,1,2,2,0,0,10,3,0,0,0,0,0,0,0
1711137,1,1,3,2,0,4,6,2,1,90,32,3,2,14,11,20,24,19,17,62,10,6,15,3,19,5,3,0,3,1,0,0,0,0,0,0,0,0,0,0,0,1,0,1,1,3,10,3,8,7,5,3,541,75,7,13,29,24,40,25,23,21,108,6,7,7,1,18,16,3,2,6,0,0,1,7,2,0,0,0,0,0,0,0
1710998,1,1,3,7,2,8,3,2,7,510,50,5,10,20,19,30,18,10,11,89,5,7,6,1,20,7,7,8,14,0,0,3,10,2,0,0,1,1,0,0,0,1,0,0,0,2,3,1,3,7,3,1,126,64,2,2,28,27,31,41,18,14,87,9,5,10,2,31,12,8,0,4,1,0,0,19,4,0,1,4,0,0,0,0
1711106,5,2,10,2,2,5,4,6,3,416,71,4,8,27,23,23,33,17,17,127,5,2,13,2,25,10,4,6,9,1,0,1,6,5,0,0,0,0,0,0,0,1,0,0,0,1,2,1,2,2,2,1,177,50,2,3,32,23,20,23,15,11,69,4,4,8,0,27,12,2,0,2,0,0,0,0,1,0,5,3,2,0,0,0
1711158,2,1,6,8,6,7,8,1,3,237,64,2,5,33,35,45,38,20,21,118,12,11,23,3,20,21,9,0,4,3,0,0,25,1,0,1,3,3,0,0,0,1,0,1,1,6,6,2,6,10,7,1,360,73,7,13,35,23,47,42,19,16,130,10,12,9,4,15,10,6,0,3,1,0,2,9,2,0,2,2,2,0,0,0
1710892,0,0,1,5,2,4,2,6,4,353,49,7,6,18,13,36,32,9,21,98,6,5,12,4,29,9,0,1,4,2,0,4,3,0,0,1,2,2,0,0,0,0,1,1,0,2,6,2,5,1,3,3,237,31,6,10,8,10,23,9,4,6,60,2,5,3,1,12,5,0,3,6,0,0,0,13,3,0,0,0,0,0,0,0
1710881,1,1,5,1,0,4,3,3,3,326,55,3,4,31,20,28,36,33,17,98,5,7,17,2,15,14,6,2,8,0,0,1,5,0,0,2,0,0,0,0,0,0,1,2,0,1,8,2,6,6,1,0,244,41,5,4,32,22,25,23,23,36,67,7,6,12,0,17,11,1,0,6,1,0,0,7,1,0,1,2,4,0,0,0
1710954,0,0,1,1,0,2,5,4,0,231,60,3,12,44,27,30,29,24,25,102,7,3,16,7,23,10,2,1,2,0,0,0,2,5,0,2,3,1,0,0,0,0,1,2,0,6,11,5,11,1,6,8,329,65,6,19,23,24,31,20,27,19,130,6,9,14,2,17,13,4,1,1,0,0,0,3,1,0,0,0,0,0,0,0
1710874,0,0,4,5,2,8,2,4,2,242,44,0,14,12,12,30,30,6,3,100,6,5,14,3,7,8,6,0,3,0,0,0,3,5,0,0,0,0,0,0,0,0,1,1,0,4,8,3,8,14,13,1,308,76,4,6,13,24,54,52,7,20,117,7,6,13,3,36,24,5,2,4,2,0,1,23,1,0,0,0,0,0,0,0
1711110,1,1,4,6,1,8,5,6,6,356,78,6,10,23,25,24,32,17,19,133,11,7,7,2,20,6,5,1,5,2,0,0,18,4,0,0,0,0,0,0,0,1,0,0,0,2,8,2,10,4,2,7,170,54,8,6,27,24,25,25,20,14,86,6,9,14,1,26,12,1,6,7,2,0,0,16,1,0,0,0,0,0,0,0
1711069,0,1,2,7,5,3,1,1,1,281,60,5,16,30,23,32,24,28,30,107,8,7,3,1,10,11,1,2,8,1,0,0,1,2,0,0,1,1,0,0,0,1,0,0,0,0,10,3,6,1,0,0,200,43,5,3,28,17,25,39,35,28,74,9,8,15,6,15,9,3,2,1,1,0,0,1,0,0,0,0,0,0,0,0
1711167,1,1,2,9,6,8,4,3,1,210,57,8,11,23,15,42,23,11,14,110,5,4,15,6,13,8,1,2,1,2,0,0,10,2,0,0,0,0,0,0,0,1,0,0,0,2,9,7,8,1,0,2,317,53,3,19,36,23,29,46,19,18,103,8,6,11,6,19,9,3,1,4,1,0,1,2,1,1,1,1,0,0,0,0
1711094,1,0,6,13,5,20,11,3,9,217,26,11,17,13,5,43,25,14,5,84,5,8,5,0,6,4,6,2,2,0,0,1,18,1,0,0,0,0,0,0,0,1,0,1,1,2,2,1,2,10,7,1,259,41,7,10,26,16,30,54,11,10,90,9,7,29,7,22,8,11,2,4,2,0,4,2,1,0,2,4,4,0,0,1
1711178,1,1,2,7,2,7,8,7,3,426,56,5,14,22,12,29,27,12,11,110,9,6,12,0,13,13,0,3,9,1,0,0,8,1,0,0,0,0,0,0,0,1,0,0,0,3,4,0,7,2,5,1,128,56,1,6,19,33,24,25,13,15,91,7,7,18,3,30,9,8,2,4,1,0,0,2,2,0,1,2,0,0,0,0
1711170,2,1,7,3,2,8,2,4,1,200,47,2,5,27,18,28,22,13,28,75,7,8,6,2,20,9,6,6,7,1,0,2,22,4,0,0,1,2,0,1,0,1,0,0,1,0,6,5,2,3,4,2,421,63,10,16,50,27,26,28,24,12,106,9,7,3,2,15,6,1,2,8,0,0,3,13,3,0,1,5,1,1,0,0
1711063,3,1,5,3,2,6,7,6,1,297,78,7,10,32,28,35,34,17,28,127,14,14,16,4,22,7,8,2,5,1,0,0,6,2,0,1,1,2,0,0,0,1,0,1,0,2,9,3,10,9,2,3,235,60,8,7,32,24,33,33,21,9,95,12,10,17,3,29,10,8,2,2,1,0,0,0,1,0,3,1,1,0,0,0
1710886,0,0,0,7,3,3,8,6,0,254,65,6,17,19,22,50,41,25,27,127,15,13,18,3,28,21,4,2,8,2,0,0,42,1,0,0,0,0,0,0,0,0,1,1,0,2,4,3,3,2,5,0,317,58,4,14,29,20,33,47,25,21,107,13,11,32,3,23,13,6,0,5,4,0,0,4,0,0,0,0,0,0,0,0
1710869,1,1,3,14,6,5,8,2,2,471,54,10,11,29,22,39,24,27,23,108,9,8,12,7,25,12,2,2,7,2,0,0,10,2,0,2,4,1,1,0,0,0,1,2,2,6,8,7,9,1,0,2,186,51,3,3,28,15,29,36,27,25,95,11,9,26,7,30,13,8,2,5,1,0,6,41,1,0,1,1,1,0,1,0
1710923,1,0,3,3,1,6,6,10,0,275,76,3,13,25,33,48,30,14,10,143,5,9,20,2,29,20,7,1,4,1,0,0,0,1,0,2,1,1,0,0,0,0,1,2,1,4,5,2,6,8,13,4,366,80,5,15,21,27,34,47,16,13,136,9,4,18,1,30,16,7,1,5,1,0,1,15,2,0,0,0,0,0,0,0
1710828,0,0,3,3,0,4,11,8,1,328,64,3,8,32,29,32,42,24,22,99,11,14,12,3,15,14,8,0,2,3,0,1,10,2,0,0,0,0,0,0,0,0,1,3,2,6,8,3,8,10,3,4,150,50,6,12,29,22,38,38,21,20,112,14,9,17,0,18,14,10,1,2,1,0,0,19,0,0,0,0,0,0,0,0
1710885,0,0,0,3,2,4,3,3,1,155,57,1,7,31,30,22,32,6,13,88,8,10,9,3,28,9,6,0,3,3,0,1,4,2,0,3,6,1,0,0,0,0,1,0,1,5,3,2,7,6,3,1,466,42,3,11,27,12,22,20,13,6,74,9,6,9,1,19,9,3,4,5,1,0,0,0,1,0,0,0,0,0,0,0
1711115,1,2,4,7,4,8,2,5,4,453,76,11,16,30,24,37,50,19,12,136,6,6,10,0,23,15,3,6,12,1,0,1,0,0,0,1,1,2,0,0,0,1,0,1,0,2,3,0,5,7,2,4,198,69,0,12,23,22,48,36,21,17,117,6,6,15,3,47,15,2,1,9,2,0,1,11,1,0,2,1,3,0,0,0
1711043,3,1,4,6,3,5,5,4,1,178,48,3,6,31,22,27,16,8,15,76,4,6,18,1,16,10,3,2,8,0,0,2,8,0,0,1,2,0,0,0,0,1,0,1,0,2,4,1,4,3,2,1,635,40,7,11,10,9,14,27,14,9,91,7,2,10,3,27,5,3,1,4,1,0,3,4,4,0,3,1,0,0,0,0
1711174,1,1,4,4,1,5,5,1,3,388,77,2,3,30,12,33,29,10,20,121,6,11,22,6,24,9,2,3,11,0,0,2,7,2,0,0,3,0,0,0,0,1,0,0,0,3,15,5,8,2,1,7,268,55,9,9,37,17,32,32,24,11,121,11,5,10,0,27,17,3,1,5,1,0,1,17,0,0,0,0,0,0,0,0
1711091,1,1,4,5,3,6,6,5,1,166,46,0,4,17,18,35,29,13,29,81,7,11,12,1,10,7,3,2,5,2,0,0,4,2,0,0,0,0,0,0,0,1,0,0,0,0,3,2,4,4,3,3,241,79,6,22,48,45,38,32,30,14,142,12,7,23,5,28,13,9,4,7,0,0,1,0,0,0,5,5,2,0,0,0
1711098,3,2,4,2,0,3,2,5,4,144,54,1,8,25,24,18,27,24,15,110,7,7,24,1,15,9,6,3,8,0,0,0,2,1,0,0,0,0,0,0,0,1,0,0,0,2,3,1,4,8,6,3,275,61,3,12,19,20,32,33,19,23,102,10,7,9,1,18,5,4,2,1,2,0,2,0,1,0,0,0,0,0,0,0
1710989,3,3,5,3,1,3,10,9,2,252,61,7,10,30,26,42,45,35,23,108,10,11,35,5,28,17,10,3,6,1,0,0,10,0,0,1,5,3,0,0,0,1,0,0,1,3,4,3,4,8,3,3,271,62,6,15,27,24,33,34,16,24,107,9,8,10,1,17,11,9,5,16,0,0,0,10,1,0,0,0,0,0,0,0
1710855,1,1,4,4,2,5,14,7,3,285,59,4,14,24,12,50,38,7,21,118,11,10,9,5,20,11,6,2,4,1,0,1,13,1,0,0,0,0,0,0,0,0,1,2,1,4,11,4,9,8,4,7,334,65,8,13,38,30,49,59,29,14,115,12,10,6,3,30,20,11,1,2,3,0,1,15,3,1,0,1,2,0,0,0
1711039,2,2,6,5,1,9,9,7,5,165,86,4,11,27,37,40,40,65,33,121,18,11,16,0,33,12,2,2,5,1,0,0,4,9,0,0,0,0,0,0,0,1,0,0,0,3,3,0,5,3,4,2,159,55,4,12,30,14,42,34,34,59,100,12,17,8,1,15,11,8,1,1,1,0,0,0,0,0,0,0,0,0,0,0
1711165,1,1,3,3,2,3,4,2,3,124,40,5,4,17,16,30,20,16,12,64,4,5,8,0,13,8,1,1,0,3,0,0,9,1,0,0,3,4,0,0,0,1,0,0,0,3,3,0,5,3,2,3,558,66,10,15,41,21,22,47,19,23,122,8,7,7,2,15,9,5,1,4,2,0,0,8,0,0,1,1,2,0,0,0
1710803,0,0,2,2,2,3,1,2,1,102,43,2,1,16,25,27,27,11,16,68,6,8,25,4,18,10,3,2,2,0,0,2,0,3,0,2,1,2,0,0,1,0,1,0,1,2,7,3,11,6,4,2,550,52,7,13,18,15,28,25,17,9,102,5,6,3,2,20,6,1,7,15,2,0,1,14,1,0,0,0,0,0,0,0
1710879,0,0,2,5,4,6,10,5,1,414,52,3,15,26,15,49,45,15,16,106,16,9,14,1,13,19,4,0,1,5,0,1,13,0,0,0,0,0,0,0,0,0,1,2,1,4,1,1,4,4,5,1,226,44,3,9,18,17,33,40,15,15,86,11,14,13,4,22,12,8,3,8,1,0,1,4,1,0,0,0,0,0,0,0
1711024,1,0,3,12,6,9,8,4,5,187,62,9,8,29,27,34,28,30,38,99,16,8,18,2,19,11,4,1,9,0,0,0,6,0,0,0,2,0,0,0,0,1,0,0,0,2,5,2,5,3,3,0,251,53,9,6,35,18,32,33,38,33,92,11,14,9,5,28,8,7,2,0,3,0,0,0,3,0,0,0,0,0,0,0
1710991,2,2,2,5,1,5,2,6,3,138,56,3,7,24,20,16,34,33,34,120,8,7,29,6,25,8,4,0,2,1,0,2,17,0,0,0,0,0,0,0,0,1,0,1,0,4,12,7,8,5,4,4,272,60,8,23,40,28,38,25,26,28,109,8,11,9,2,14,8,2,0,3,0,0,1,6,3,0,0,0,0,0,0,0
1711027,2,2,8,8,3,14,9,2,6,464,43,5,9,29,16,42,39,9,12,84,15,10,4,2,17,7,3,5,4,2,0,0,2,4,0,0,0,0,0,0,0,1,0,0,0,4,7,2,7,3,6,3,296,43,3,7,19,12,38,53,13,9,76,10,13,12,3,17,11,12,0,1,1,0,3,0,0,0,0,0,0,0,0,0
1710947,0,0,2,9,3,9,3,2,4,267,65,8,4,26,34,19,38,26,27,97,9,3,16,6,23,11,7,1,5,2,0,0,4,6,0,1,3,1,0,0,0,0,1,1,0,4,11,6,9,7,9,2,310,73,6,16,44,25,45,29,28,27,143,3,8,14,3,28,11,3,4,2,0,0,0,19,1,0,0,1,3,0,0,0
1710941,0,0,0,8,4,4,11,5,1,248,64,8,11,46,23,26,34,44,24,108,7,10,11,4,26,11,5,2,3,1,0,2,25,4,0,3,2,2,0,0,0,0,1,2,1,5,5,4,5,6,4,3,435,73,2,7,30,29,28,24,24,34,127,9,6,13,5,38,11,4,4,13,4,0,0,26,1,0,0,0,1,0,0,0
1710968,0,0,4,9,6,7,11,4,1,313,52,7,17,33,19,42,32,20,22,117,8,7,7,0,15,12,2,0,4,2,0,0,0,2,0,1,3,0,0,0,0,0,1,1,0,4,3,0,5,5,1,2,334,72,3,3,45,31,38,41,33,23,104,11,9,32,6,25,17,9,0,4,2,0,0,3,3,0,0,2,2,0,0,0
1710922,0,0,0,4,3,3,4,1,1,229,40,5,16,30,19,31,35,21,22,87,9,12,26,9,27,13,10,0,1,2,0,0,12,4,0,0,0,0,0,0,0,0,1,0,0,1,14,7,6,13,3,3,444,56,3,12,29,19,28,31,20,16,105,13,7,9,3,9,10,3,4,7,0,0,2,6,1,0,0,1,2,0,0,0
1711112,3,0,8,10,4,15,5,0,6,437,59,2,10,18,16,34,27,19,25,109,7,12,10,1,22,13,1,3,6,1,0,0,15,1,0,0,1,1,0,0,0,1,0,0,0,2,3,1,4,2,6,0,180,54,1,17,38,19,32,38,26,19,108,14,9,12,4,28,5,5,1,3,2,0,0,18,3,0,3,3,5,0,0,0
1710906,0,0,4,13,3,14,4,3,6,283,63,8,14,41,29,31,33,33,37,101,13,12,19,5,28,14,5,2,1,2,0,0,0,3,0,1,5,0,0,0,0,0,1,1,1,6,10,5,10,4,3,8,275,59,7,14,36,21,33,29,35,27,113,11,9,9,2,15,7,5,1,2,2,0,2,15,1,0,0,1,3,0,0,0
1711138,3,2,5,6,4,2,2,5,1,228,40,6,10,11,10,32,21,16,6,75,8,7,3,1,13,3,1,0,1,3,0,0,1,2,0,2,3,1,0,0,0,1,0,2,2,5,3,1,5,3,2,1,239,48,5,7,24,23,25,38,10,21,93,10,4,20,6,26,12,2,1,4,4,0,0,8,2,0,3,1,1,0,0,0
1711132,2,0,3,4,3,2,4,3,1,177,65,1,3,37,30,21,35,31,32,122,9,9,27,6,22,7,4,3,6,2,0,0,0,0,0,1,3,2,0,0,0,1,0,1,1,5,8,6,8,5,3,5,326,74,9,21,38,40,30,23,29,27,115,10,8,7,3,24,6,4,2,0,1,0,0,23,1,0,2,1,0,0,0,0
1710976,1,1,2,5,1,4,6,6,0,289,50,1,9,11,16,37,40,15,17,88,13,11,11,1,27,12,3,0,1,2,0,0,10,0,0,0,0,0,0,0,0,0,1,3,0,5,5,2,6,3,2,2,334,64,2,8,29,27,48,48,21,18,118,11,13,15,1,24,14,7,0,3,2,0,0,7,1,0,0,0,0,0,1,0
1711181,3,2,4,7,3,5,6,3,3,290,47,4,9,17,19,33,20,15,11,84,5,7,9,4,9,6,5,1,5,0,0,2,14,5,0,0,0,0,0,0,0,1,0,1,0,7,7,3,10,8,5,3,290,52,4,7,23,23,29,42,11,19,87,12,10,15,4,15,11,4,3,11,1,0,0,5,1,0,0,0,0,0,0,0
1710827,0,0,4,6,2,8,9,4,2,197,62,2,8,35,28,42,55,34,25,115,8,9,32,4,25,18,10,3,5,2,0,2,25,3,0,2,4,1,1,0,0,0,1,2,2,6,12,5,12,8,7,4,457,40,9,18,38,12,45,38,19,23,103,9,6,8,2,20,6,5,1,2,1,0,2,13,1,0,0,2,2,0,1,0
1711092,4,3,8,5,3,7,6,11,0,335,60,9,16,25,22,29,27,17,15,115,6,6,7,2,20,11,9,3,8,1,0,0,13,3,0,1,0,2,0,0,0,1,0,1,1,3,9,2,8,10,3,2,207,71,4,5,30,26,36,37,13,12,106,8,7,6,3,33,15,7,2,3,1,0,1,13,0,0,4,2,2,0,0,0
1710903,2,1,2,4,1,3,4,3,1,186,35,2,6,37,14,33,24,27,12,61,8,10,5,1,8,8,3,1,1,1,0,0,6,1,0,3,2,0,0,1,0,0,1,3,2,4,4,3,4,5,2,2,215,68,7,6,44,31,33,54,23,33,108,13,12,13,2,36,11,8,3,3,0,0,0,1,5,1,1,0,1,0,0,0
1710952,0,0,1,7,1,6,1,2,2,207,61,7,6,32,31,25,26,29,24,87,10,6,6,1,18,9,1,0,1,0,1,1,3,2,0,1,1,4,0,0,0,0,1,1,0,4,2,1,5,2,1,1,231,74,7,9,36,23,31,33,36,34,121,8,11,12,1,38,8,3,1,4,2,0,0,19,5,0,0,0,2,0,0,0
1710820,0,0,5,11,6,11,5,6,6,426,62,6,26,23,19,34,32,15,15,124,10,18,8,2,17,5,7,3,6,4,0,1,0,0,0,0,0,0,0,0,0,0,1,2,1,2,2,0,2,5,2,1,103,31,4,2,21,17,20,28,7,3,53,9,11,13,4,18,6,4,2,3,2,0,3,24,0,0,1,1,5,0,0,1
1710932,1,0,1,7,4,3,5,3,1,409,75,13,16,40,30,47,33,25,20,129,8,8,4,3,18,13,2,1,8,0,0,1,6,0,1,1,1,1,0,0,0,0,1,2,0,3,6,3,5,1,3,2,239,64,3,9,44,37,29,37,22,23,104,10,6,17,4,21,13,3,0,2,0,0,0,4,0,1,0,0,1,0,0,0
1711080,1,1,4,3,1,3,6,7,2,170,43,4,6,16,14,30,35,24,14,92,7,5,9,0,10,13,2,1,1,2,0,0,9,0,0,0,0,0,0,0,0,1,0,0,0,2,2,0,5,6,4,2,253,85,14,13,44,38,49,40,22,37,134,10,10,29,3,36,22,10,0,7,1,0,2,6,1,0,5,8,6,0,0,0
1710946,0,0,2,2,0,4,5,4,1,272,68,7,15,29,25,35,21,25,25,122,9,11,21,1,23,9,8,0,1,1,0,2,2,0,0,0,0,0,0,0,0,0,1,2,2,4,2,1,2,8,2,2,257,64,2,8,21,18,31,47,39,34,100,12,9,21,0,31,6,6,4,4,2,0,1,7,1,0,0,0,0,0,0,0
